날짜,상품명,예측수량,주문량_ceil
2025-10-03,(배달)가나슈 도넛,17.572543298153988,18
2025-10-03,(배달)글레이즈 도넛,41.22309305816543,42
2025-10-03,(배달)글레이즈 크론디,21.517202600005888,22
2025-10-03,(배달)누텔라 도넛,17.572543298153988,18
2025-10-03,(배달)딸기 필링 도넛,17.572543298153988,18
2025-10-03,(배달)레몬 필링 도넛,17.57688936399828,18
2025-10-03,(배달)로스트 코코넛 도넛,17.65055182101348,18
2025-10-03,(배달)버터크럼 도넛,17.572543298153988,18
2025-10-03,(배달)블루베리 필링 도넛,20.630613269538873,21
2025-10-03,(배달)슈가 도넛,17.613011729106283,18
2025-10-03,(배달)스모어 도넛,17.947897014534988,18
2025-10-03,(배달)스프링 어니언 도넛,21.55593995232233,22
2025-10-03,(배달)아몬드 브리틀 도넛,17.575802256647478,18
2025-10-03,(배달)애월 녹차 필링 도넛,20.473623617343993,21
2025-10-03,(배달)애플 프리터,16.663101610053104,17
2025-10-03,(배달)연유 버터 크림 도넛,18.46766710572407,19
2025-10-03,(배달)초코 크런치 스트로베리 도넛,17.572543298153988,18
2025-10-03,(배달)초콜릿 도넛,17.572543298153988,18
2025-10-03,(배달)초콜릿 올드패션,19.320350891864518,20
2025-10-03,(배달)초콜릿 크론디,16.663101610053104,17
2025-10-03,(배달)카라멜 코코넛 도넛,20.47734140968814,21
2025-10-03,(배달)커피 크럼 도넛,20.62349429640664,21
2025-10-03,(배달)코코넛 도넛,17.45261429578476,18
2025-10-03,(배달)크림 사탕 도넛,17.57688936399828,18
2025-10-03,(배달)텍사스 글레이즈 도넛,28.3838029881747,29
2025-10-03,(배달)핑크 스프링클 도넛,17.572543298153988,18
2025-10-03,(폐기1)스모어 도넛,26.959427298453054,27
2025-10-03,(폐기1)초콜릿 코코넛 도넛,26.959427298453054,27
2025-10-03,(폐기1)초콜릿 크론디,22.531351581658907,23
2025-10-03,1.글레이즈 올드패션,22.82759887784549,23
2025-10-03,11.커피 크럼 도넛,66.1706677650141,67
2025-10-03,12.코코넛 도넛,30.648030907908964,31
2025-10-03,13.가나슈 도넛,61.758840450688005,62
2025-10-03,14.누텔라 도넛,59.592066965013224,60
2025-10-03,15.로스트 코코넛 도넛,29.625066039952912,30
2025-10-03,17.버터크럼 도넛,59.592066965013224,60
2025-10-03,18.초콜릿 코코넛 도넛,20.413374852037006,21
2025-10-03,19.초콜릿 크론디,30.52503272588344,31
2025-10-03,20.카라멜 코코넛 도넛,20.413374852037006,21
2025-10-03,21.딸기 필링 도넛,59.592066965013224,60
2025-10-03,22.레몬 필링 도넛,30.70198055670079,31
2025-10-03,23.블루베리 필링 도넛,30.70198055670079,31
2025-10-03,24.스모어 도넛,30.70198055670079,31
2025-10-03,25.아몬드 브리틀 도넛,29.080099725532847,30
2025-10-03,26.애플 프리터,62.16162810608955,63
2025-10-03,28.크림 사탕 도넛,29.625066039952912,30
2025-10-03,29.텍사스 글레이즈 도넛,44.87530855709931,45
2025-10-03,3.글레이즈 도넛,114.00793124296585,115
2025-10-03,30.스프링 어니언 도넛,28.748144312816365,29
2025-10-03,31.애월 녹차 필링 도넛,39.29101386924381,40
2025-10-03,32.연유 버터 크림 도넛,60.949529534745714,61
2025-10-03,33.초코 크런치 스트로베리 도넛,29.625066039952912,30
2025-10-03,34.피스타치오 가나슈 도넛,59.592066965013224,60
2025-10-03,4.슈가 도넛,20.413374852037006,21
2025-10-03,5.초콜릿 올드패션,29.872578097903723,30
2025-10-03,6.초콜릿 도넛,51.85193567140234,52
2025-10-03,7.핑크 스프링클 도넛,60.949529534745714,61
2025-10-03,8.글레이즈 크론디,72.7890128107408,73
2025-10-03,[행사] 1,64.18055999034729,65
2025-10-03,[행사] 2,17.805245141280455,18
2025-10-03,[행사] 3,17.805245141280455,18
2025-10-03,[행사] 4,17.805245141280455,18
2025-10-03,[행사] 내유봉투,18.923762999494087,19
2025-10-03,[행사] 비닐(소),14.062226932851223,15
2025-10-03,[행사] 상박스(소),18.923762999494087,19
2025-10-03,[행사] 종이호일(소),18.923762999494087,19
2025-10-03,[행사] 하박스(소),18.923762999494087,19
2025-10-03,가나슈 도넛,66.51723154601456,67
2025-10-03,가나슈 미니도넛,40.30309073035544,41
2025-10-03,글레이즈 도넛,174.07304331293005,175
2025-10-03,글레이즈 버터밀크,18.709198795668264,19
2025-10-03,글레이즈 올드패션,39.96455698066188,40
2025-10-03,글레이즈 크론디,89.82636783120047,90
2025-10-03,글레이즈 트위스트,11.187138059592385,12
2025-10-03,누텔라 도넛,94.79436950564147,95
2025-10-03,더블 블루베리 케이크,18.95699673086558,19
2025-10-03,데블스 케이크,4.157749978181041,5
2025-10-03,딸기 필링 도넛,59.97034732595827,60
2025-10-03,딸기우유 크림 도넛,37.833104147499874,38
2025-10-03,딸기필링 도넛,33.58815626648135,34
2025-10-03,라봉 도넛,21.62915583383287,22
2025-10-03,라운드 미니도넛,8.924069267596833,9
2025-10-03,라즈베리 미니도넛,30.397957012596112,31
2025-10-03,라즈베리케이크,11.287587544545486,12
2025-10-03,라즈베리필링 도넛,41.36514882191268,42
2025-10-03,랜디넛 도넛,43.8294104019401,44
2025-10-03,럭키박스,16.657945003349894,17
2025-10-03,레몬 필링 도넛,36.4143175329696,37
2025-10-03,레몬필링 도넛,20.613002423376706,21
2025-10-03,로스트 코코넛 도넛,31.161472350627715,32
2025-10-03,롤링 소시지 도넛,24.25737023298225,25
2025-10-03,메이플 츄러스 도넛,44.561379618020354,45
2025-10-03,메이플 케이크,11.91255928619194,12
2025-10-03,메이플 크룰러,9.612173791409644,10
2025-10-03,메이플 크림 롱존,8.34137228133629,9
2025-10-03,민트 초콜릿 도넛,20.942045436747087,21
2025-10-03,민트초콜릿 도넛,13.003021643549822,14
2025-10-03,바닐라 케이크,9.51833170098349,10
2025-10-03,바닐라 크룰러,9.708042339862539,10
2025-10-03,박스(소),22.303572564723517,23
2025-10-03,밤 크림도넛,23.64630224251028,24
2025-10-03,버터크럼 도넛,121.99965634799891,122
2025-10-03,베어 클라우,4.143317891548652,5
2025-10-03,베이컨 메이플 롱존,3.8422363096168795,4
2025-10-03,베이컨메이플미니도넛,9.391660387220464,10
2025-10-03,봉투,59.555809776776236,60
2025-10-03,봉투 선택안함,59.555809776776236,60
2025-10-03,봉투(소),22.303572564723517,23
2025-10-03,블루베리 케이크,7.747160649132139,8
2025-10-03,블루베리 필링 도넛,33.708639732532205,34
2025-10-03,슈가 도넛,24.36770412525521,25
2025-10-03,슈가 크론디,4.614569019267772,5
2025-10-03,스노우블라썸케이크,18.411824765611172,19
2025-10-03,스모어 도넛,44.05690458998254,45
2025-10-03,스모크 베이컨 할라피뇨 도넛,37.718856378042766,38
2025-10-03,스트로베리크림 도넛,60.803096187693484,61
2025-10-03,스프링 어니언 도넛,34.52378351332182,35
2025-10-03,스프링클 미니도넛,27.759306395386687,28
2025-10-03,스프링클 케이크,11.450406348426428,12
2025-10-03,시나몬 롤,5.307726415093151,6
2025-10-03,시나몬 크럼 케이크,12.030729905704284,13
2025-10-03,아몬드 브리틀 도넛,50.77152243678528,51
2025-10-03,아베크 도넛,31.805568956911927,32
2025-10-03,애월 녹차 필링 도넛,67.84413688939183,68
2025-10-03,애플 고구마 도넛,26.84458263409402,27
2025-10-03,애플 프리터,98.41057471521765,99
2025-10-03,얼그레이 크림 앙 젤리 도넛,24.2891494128225,25
2025-10-03,엠앤엠 도넛,44.441983927008316,45
2025-10-03,연유 버터 크림 도넛,60.237870344289995,61
2025-10-03,오레오오즈도넛,43.51334605464277,44
2025-10-03,오렌지캔디 도넛,33.66115580108955,34
2025-10-03,오션 바캉스 도넛,22.865575160432098,23
2025-10-03,위트 앤 허니 케이크,34.35956870635639,35
2025-10-03,자색 고구마 도넛,26.031936857668516,27
2025-10-03,초코 크런치 스트로베리 도넛,35.062797577543684,36
2025-10-03,초코크런치스트로베리 도넛,10.232438717738594,11
2025-10-03,초콜릿 도넛,54.68964909252321,55
2025-10-03,초콜릿 버터밀크,13.04296058754968,14
2025-10-03,초콜릿 올드패션,43.10610707212225,44
2025-10-03,초콜릿 초코 롱존,5.139956225591155,6
2025-10-03,초콜릿 케이크,8.296865655571128,9
2025-10-03,초콜릿 코코넛 도넛,24.199333936745425,25
2025-10-03,초콜릿 크론디,42.921561550517765,43
2025-10-03,초콜릿 크룰러,9.612173791409644,10
2025-10-03,초콜릿 트위스트,8.274117463512887,9
2025-10-03,카라멜 코코넛 도넛,22.969836223081728,23
2025-10-03,커피 크럼 도넛,59.829444511043185,60
2025-10-03,커피크럼 도넛,43.286099682070294,44
2025-10-03,커피크럼 미니도넛,42.8179473925483,43
2025-10-03,코코 라즈베리 도넛,17.400944089579678,18
2025-10-03,코코넛 도넛,38.58162676779586,39
2025-10-03,코코넛 미니도넛,38.49101579660757,39
2025-10-03,코코라즈베리 도넛,9.134378888754608,10
2025-10-03,콘소메 크런치 트위스트,19.98119204834478,20
2025-10-03,크리스마스 세트,33.106533325766705,34
2025-10-03,크림 사탕 도넛,33.990424907784124,34
2025-10-03,크림사탕도넛,16.939801091874564,17
2025-10-03,타이거 테일,2.693603427396627,3
2025-10-03,텍사스 글레이즈 도넛,44.97839979889787,45
2025-10-03,포테이토 프리터,10.414334231204837,11
2025-10-03,플레인 버터밀크,14.615944040398274,15
2025-10-03,플레인 케이크,7.073435045436125,8
2025-10-03,피스타치오 가나슈 도넛,101.69080568763773,102
2025-10-03,핑크 스프링클 도넛,61.58364826174901,62
2025-10-04,(배달)가나슈 도넛,11.340391312277868,12
2025-10-04,(배달)글레이즈 도넛,30.10859906215059,31
2025-10-04,(배달)글레이즈 크론디,14.228006763807379,15
2025-10-04,(배달)누텔라 도넛,11.340391312277868,12
2025-10-04,(배달)딸기 필링 도넛,11.340391312277868,12
2025-10-04,(배달)레몬 필링 도넛,11.343279024118218,12
2025-10-04,(배달)로스트 코코넛 도넛,11.059967241173116,12
2025-10-04,(배달)버터크럼 도넛,11.340391312277868,12
2025-10-04,(배달)블루베리 필링 도넛,11.513533662533263,12
2025-10-04,(배달)슈가 도넛,11.056980420668006,12
2025-10-04,(배달)스모어 도넛,11.708854901379944,12
2025-10-04,(배달)스프링 어니언 도넛,11.517444867038646,12
2025-10-04,(배달)아몬드 브리틀 도넛,11.340391312277868,12
2025-10-04,(배달)애월 녹차 필링 도넛,12.07922977153855,13
2025-10-04,(배달)애플 프리터,12.262497172166203,13
2025-10-04,(배달)연유 버터 크림 도넛,12.081494217501582,13
2025-10-04,(배달)초코 크런치 스트로베리 도넛,11.340391312277868,12
2025-10-04,(배달)초콜릿 도넛,11.340391312277868,12
2025-10-04,(배달)초콜릿 올드패션,13.136582181963208,14
2025-10-04,(배달)초콜릿 크론디,12.262497172166203,13
2025-10-04,(배달)카라멜 코코넛 도넛,12.081494217501582,13
2025-10-04,(배달)커피 크럼 도넛,13.097010804310804,14
2025-10-04,(배달)코코넛 도넛,10.716032883544122,11
2025-10-04,(배달)크림 사탕 도넛,11.343279024118218,12
2025-10-04,(배달)텍사스 글레이즈 도넛,16.433278647066036,17
2025-10-04,(배달)핑크 스프링클 도넛,11.340391312277868,12
2025-10-04,(폐기1)스모어 도넛,12.91640261627155,13
2025-10-04,(폐기1)초콜릿 코코넛 도넛,12.91640261627155,13
2025-10-04,(폐기1)초콜릿 크론디,8.939550368746152,9
2025-10-04,1.글레이즈 올드패션,15.139540771745073,16
2025-10-04,11.커피 크럼 도넛,62.5549437185618,63
2025-10-04,12.코코넛 도넛,36.19467225225488,37
2025-10-04,13.가나슈 도넛,55.73392487265503,56
2025-10-04,14.누텔라 도넛,60.581386068275485,61
2025-10-04,15.로스트 코코넛 도넛,28.880273465272445,29
2025-10-04,17.버터크럼 도넛,60.581386068275485,61
2025-10-04,18.초콜릿 코코넛 도넛,13.25113997779739,14
2025-10-04,19.초콜릿 크론디,26.969598488340967,27
2025-10-04,20.카라멜 코코넛 도넛,13.25113997779739,14
2025-10-04,21.딸기 필링 도넛,60.581386068275485,61
2025-10-04,22.레몬 필링 도넛,36.724462235872906,37
2025-10-04,23.블루베리 필링 도넛,36.724462235872906,37
2025-10-04,24.스모어 도넛,36.724462235872906,37
2025-10-04,25.아몬드 브리틀 도넛,38.18654003166699,39
2025-10-04,26.애플 프리터,60.245626606412195,61
2025-10-04,28.크림 사탕 도넛,28.880273465272445,29
2025-10-04,29.텍사스 글레이즈 도넛,42.759412948784835,43
2025-10-04,3.글레이즈 도넛,115.89750792979164,116
2025-10-04,30.스프링 어니언 도넛,22.45137553686075,23
2025-10-04,31.애월 녹차 필링 도넛,38.348015241665586,39
2025-10-04,32.연유 버터 크림 도넛,59.28284113022077,60
2025-10-04,33.초코 크런치 스트로베리 도넛,28.880273465272445,29
2025-10-04,34.피스타치오 가나슈 도넛,60.581386068275485,61
2025-10-04,4.슈가 도넛,13.25113997779739,14
2025-10-04,5.초콜릿 올드패션,32.360469831965794,33
2025-10-04,6.초콜릿 도넛,48.45958646829445,49
2025-10-04,7.핑크 스프링클 도넛,59.28284113022077,60
2025-10-04,8.글레이즈 크론디,68.53798854183282,69
2025-10-04,[행사] 1,62.04095185097323,63
2025-10-04,[행사] 2,12.71684595062277,13
2025-10-04,[행사] 3,12.71684595062277,13
2025-10-04,[행사] 4,12.71684595062277,13
2025-10-04,[행사] 내유봉투,18.930276990907398,19
2025-10-04,[행사] 비닐(소),15.823043346519414,16
2025-10-04,[행사] 상박스(소),18.930276990907398,19
2025-10-04,[행사] 종이호일(소),18.930276990907398,19
2025-10-04,[행사] 하박스(소),18.930276990907398,19
2025-10-04,가나슈 도넛,62.41081369423755,63
2025-10-04,가나슈 미니도넛,31.304071162611937,32
2025-10-04,글레이즈 도넛,157.42392077994222,158
2025-10-04,글레이즈 버터밀크,14.041490545050882,15
2025-10-04,글레이즈 올드패션,38.141341490979315,39
2025-10-04,글레이즈 크론디,91.35609953918465,92
2025-10-04,글레이즈 트위스트,9.711556682291173,10
2025-10-04,누텔라 도넛,91.2753717533511,92
2025-10-04,더블 블루베리 케이크,17.28651596792812,18
2025-10-04,데블스 케이크,3.192243847663825,4
2025-10-04,딸기 필링 도넛,57.173447929214625,58
2025-10-04,딸기우유 크림 도넛,36.743973585732945,37
2025-10-04,딸기필링 도넛,30.908411155712706,31
2025-10-04,라봉 도넛,19.011211022595525,20
2025-10-04,라운드 미니도넛,8.071726592903076,9
2025-10-04,라즈베리 미니도넛,30.589442003834062,31
2025-10-04,라즈베리케이크,9.998818683954214,10
2025-10-04,라즈베리필링 도넛,43.7449300243016,44
2025-10-04,랜디넛 도넛,45.717034529501014,46
2025-10-04,럭키박스,12.214350658849133,13
2025-10-04,레몬 필링 도넛,34.99290339528349,35
2025-10-04,레몬필링 도넛,22.83145256545458,23
2025-10-04,로스트 코코넛 도넛,29.7609011110197,30
2025-10-04,롤링 소시지 도넛,16.02629274279348,17
2025-10-04,메이플 츄러스 도넛,51.026867467374366,52
2025-10-04,메이플 케이크,10.434314668385804,11
2025-10-04,메이플 크룰러,8.193662555014544,9
2025-10-04,메이플 크림 롱존,7.340627909203306,8
2025-10-04,민트 초콜릿 도넛,13.35861697702642,14
2025-10-04,민트초콜릿 도넛,13.858282496257166,14
2025-10-04,바닐라 케이크,8.20259315360979,9
2025-10-04,바닐라 크룰러,8.276716517514519,9
2025-10-04,박스(소),15.595022440591329,16
2025-10-04,밤 크림도넛,15.157693932837688,16
2025-10-04,버터크럼 도넛,104.38806751007279,105
2025-10-04,베어 클라우,3.1918590227163617,4
2025-10-04,베이컨 메이플 롱존,2.9163818458608524,3
2025-10-04,베이컨메이플미니도넛,5.866127838577565,6
2025-10-04,봉투,55.83762729886475,56
2025-10-04,봉투 선택안함,55.83762729886475,56
2025-10-04,봉투(소),15.595022440591329,16
2025-10-04,블루베리 케이크,6.681372170054977,7
2025-10-04,블루베리 필링 도넛,32.02135609239086,33
2025-10-04,슈가 도넛,22.22560171003749,23
2025-10-04,슈가 크론디,3.986408962748251,4
2025-10-04,스노우블라썸케이크,11.707240096908196,12
2025-10-04,스모어 도넛,43.53839278605564,44
2025-10-04,스모크 베이컨 할라피뇨 도넛,40.4226200828172,41
2025-10-04,스트로베리크림 도넛,67.67970274633639,68
2025-10-04,스프링 어니언 도넛,33.50205775736222,34
2025-10-04,스프링클 미니도넛,27.343032935711797,28
2025-10-04,스프링클 케이크,9.930803614740633,10
2025-10-04,시나몬 롤,4.2210451692015845,5
2025-10-04,시나몬 크럼 케이크,10.538956979651484,11
2025-10-04,아몬드 브리틀 도넛,51.452280001987,52
2025-10-04,아베크 도넛,28.619649977757213,29
2025-10-04,애월 녹차 필링 도넛,62.95389319529091,63
2025-10-04,애플 고구마 도넛,25.73737438331086,26
2025-10-04,애플 프리터,97.33662143064892,98
2025-10-04,얼그레이 크림 앙 젤리 도넛,14.700567601220179,15
2025-10-04,엠앤엠 도넛,48.24847706979617,49
2025-10-04,연유 버터 크림 도넛,59.30113229271485,60
2025-10-04,오레오오즈도넛,48.23474166788357,49
2025-10-04,오렌지캔디 도넛,25.702196844882952,26
2025-10-04,오션 바캉스 도넛,14.842573683198003,15
2025-10-04,위트 앤 허니 케이크,37.8180796852762,38
2025-10-04,자색 고구마 도넛,20.660588247314095,21
2025-10-04,초코 크런치 스트로베리 도넛,30.068742117024588,31
2025-10-04,초코크런치스트로베리 도넛,10.020895168258825,11
2025-10-04,초콜릿 도넛,50.74615903224333,51
2025-10-04,초콜릿 버터밀크,11.182225026502179,12
2025-10-04,초콜릿 올드패션,37.7164009361117,38
2025-10-04,초콜릿 초코 롱존,3.9860256770427354,4
2025-10-04,초콜릿 케이크,8.20259315360979,9
2025-10-04,초콜릿 코코넛 도넛,19.687108364829463,20
2025-10-04,초콜릿 크론디,42.65739561908172,43
2025-10-04,초콜릿 크룰러,8.193662555014544,9
2025-10-04,초콜릿 트위스트,7.233200904661647,8
2025-10-04,카라멜 코코넛 도넛,19.836863473946096,20
2025-10-04,커피 크럼 도넛,59.29805741297038,60
2025-10-04,커피크럼 도넛,39.67193130278922,40
2025-10-04,커피크럼 미니도넛,32.279302065307164,33
2025-10-04,코코 라즈베리 도넛,12.623527096221869,13
2025-10-04,코코넛 도넛,35.58928389608591,36
2025-10-04,코코넛 미니도넛,34.28706768488322,35
2025-10-04,코코라즈베리 도넛,7.9690490075135045,8
2025-10-04,콘소메 크런치 트위스트,18.24068142995096,19
2025-10-04,크리스마스 세트,17.99751135058091,18
2025-10-04,크림 사탕 도넛,30.56176233748542,31
2025-10-04,크림사탕도넛,18.906405780005592,19
2025-10-04,타이거 테일,2.288875324842053,3
2025-10-04,텍사스 글레이즈 도넛,40.701456790854856,41
2025-10-04,포테이토 프리터,8.768363320106944,9
2025-10-04,플레인 버터밀크,9.927120134853203,10
2025-10-04,플레인 케이크,6.098975169006784,7
2025-10-04,피스타치오 가나슈 도넛,90.18071439660864,91
2025-10-04,핑크 스프링클 도넛,58.56738239584203,59
2025-10-05,(배달)가나슈 도넛,11.760677371910266,12
2025-10-05,(배달)글레이즈 도넛,27.138781288950714,28
2025-10-05,(배달)글레이즈 크론디,13.242982097982827,14
2025-10-05,(배달)누텔라 도넛,11.760677371910266,12
2025-10-05,(배달)딸기 필링 도넛,11.760677371910266,12
2025-10-05,(배달)레몬 필링 도넛,11.763663432741343,12
2025-10-05,(배달)로스트 코코넛 도넛,10.837628121492317,11
2025-10-05,(배달)버터크럼 도넛,11.760677371910266,12
2025-10-05,(배달)블루베리 필링 도넛,13.258790235044492,14
2025-10-05,(배달)슈가 도넛,11.465166771932646,12
2025-10-05,(배달)스모어 도넛,13.02228451803673,14
2025-10-05,(배달)스프링 어니언 도넛,11.474696057666048,12
2025-10-05,(배달)아몬드 브리틀 도넛,11.762916511549692,12
2025-10-05,(배달)애월 녹차 필링 도넛,12.136037795905047,13
2025-10-05,(배달)애플 프리터,11.292495023579693,12
2025-10-05,(배달)연유 버터 크림 도넛,11.451771366736942,12
2025-10-05,(배달)초코 크런치 스트로베리 도넛,11.760677371910266,12
2025-10-05,(배달)초콜릿 도넛,11.760677371910266,12
2025-10-05,(배달)초콜릿 올드패션,12.497420509322316,13
2025-10-05,(배달)초콜릿 크론디,11.292495023579693,12
2025-10-05,(배달)카라멜 코코넛 도넛,11.451771366736942,12
2025-10-05,(배달)커피 크럼 도넛,13.337751501684645,14
2025-10-05,(배달)코코넛 도넛,11.660759036510047,12
2025-10-05,(배달)크림 사탕 도넛,11.00753877310437,12
2025-10-05,(배달)텍사스 글레이즈 도넛,15.006476840329388,16
2025-10-05,(배달)핑크 스프링클 도넛,11.760677371910266,12
2025-10-05,(폐기1)스모어 도넛,19.970527074574935,20
2025-10-05,(폐기1)초콜릿 코코넛 도넛,19.970527074574935,20
2025-10-05,(폐기1)초콜릿 크론디,15.748836617833708,16
2025-10-05,1.글레이즈 올드패션,13.916562863415466,14
2025-10-05,11.커피 크럼 도넛,56.38427262326258,57
2025-10-05,12.코코넛 도넛,22.749508033461627,23
2025-10-05,13.가나슈 도넛,48.88629110162579,49
2025-10-05,14.누텔라 도넛,45.30701123419158,46
2025-10-05,15.로스트 코코넛 도넛,21.194481325187326,22
2025-10-05,17.버터크럼 도넛,45.30701123419158,46
2025-10-05,18.초콜릿 코코넛 도넛,13.018166119042537,14
2025-10-05,19.초콜릿 크론디,22.316066314890605,23
2025-10-05,20.카라멜 코코넛 도넛,13.018166119042537,14
2025-10-05,21.딸기 필링 도넛,45.30701123419158,46
2025-10-05,22.레몬 필링 도넛,29.500467456603364,30
2025-10-05,23.블루베리 필링 도넛,29.500467456603364,30
2025-10-05,24.스모어 도넛,29.500467456603364,30
2025-10-05,25.아몬드 브리틀 도넛,30.0721541991516,31
2025-10-05,26.애플 프리터,45.40824486216355,46
2025-10-05,28.크림 사탕 도넛,21.194481325187326,22
2025-10-05,29.텍사스 글레이즈 도넛,33.521486330123544,34
2025-10-05,3.글레이즈 도넛,79.65800816572518,80
2025-10-05,30.스프링 어니언 도넛,26.676268738202552,27
2025-10-05,31.애월 녹차 필링 도넛,30.20019261796483,31
2025-10-05,32.연유 버터 크림 도넛,51.65282607155857,52
2025-10-05,33.초코 크런치 스트로베리 도넛,21.194481325187326,22
2025-10-05,34.피스타치오 가나슈 도넛,45.30701123419158,46
2025-10-05,4.슈가 도넛,13.018166119042537,14
2025-10-05,5.초콜릿 올드패션,28.049841236726984,29
2025-10-05,6.초콜릿 도넛,40.61106927351749,41
2025-10-05,7.핑크 스프링클 도넛,51.65282607155857,52
2025-10-05,8.글레이즈 크론디,49.87766666848241,50
2025-10-05,[행사] 1,46.17163260393951,47
2025-10-05,[행사] 2,11.355039454256149,12
2025-10-05,[행사] 3,11.355039454256149,12
2025-10-05,[행사] 4,11.355039454256149,12
2025-10-05,[행사] 내유봉투,19.18463366324856,20
2025-10-05,[행사] 비닐(소),15.982152899687858,16
2025-10-05,[행사] 상박스(소),19.18463366324856,20
2025-10-05,[행사] 종이호일(소),19.18463366324856,20
2025-10-05,[행사] 하박스(소),19.18463366324856,20
2025-10-05,가나슈 도넛,57.09073866515977,58
2025-10-05,가나슈 미니도넛,34.55781731514172,35
2025-10-05,글레이즈 도넛,122.83855673887118,123
2025-10-05,글레이즈 버터밀크,15.541919289716354,16
2025-10-05,글레이즈 올드패션,29.94074814610247,30
2025-10-05,글레이즈 크론디,77.86896327832197,78
2025-10-05,글레이즈 트위스트,11.94444087115575,12
2025-10-05,누텔라 도넛,76.2787414056375,77
2025-10-05,더블 블루베리 케이크,17.76071287572162,18
2025-10-05,데블스 케이크,3.930879005447357,4
2025-10-05,딸기 필링 도넛,50.142084202832685,51
2025-10-05,딸기우유 크림 도넛,29.148880944711816,30
2025-10-05,딸기필링 도넛,26.83183478906235,27
2025-10-05,라봉 도넛,21.298905160051532,22
2025-10-05,라운드 미니도넛,6.325725854937677,7
2025-10-05,라즈베리 미니도넛,24.439065631691832,25
2025-10-05,라즈베리케이크,11.254638623481014,12
2025-10-05,라즈베리필링 도넛,32.943500642474255,33
2025-10-05,랜디넛 도넛,36.013178883891484,37
2025-10-05,럭키박스,13.41133995993367,14
2025-10-05,레몬 필링 도넛,27.57004906198078,28
2025-10-05,레몬필링 도넛,17.371940181468798,18
2025-10-05,로스트 코코넛 도넛,25.25676823794536,26
2025-10-05,롤링 소시지 도넛,16.37018077521108,17
2025-10-05,메이플 츄러스 도넛,42.55776068692746,43
2025-10-05,메이플 케이크,11.598605979074037,12
2025-10-05,메이플 크룰러,9.163778509547441,10
2025-10-05,메이플 크림 롱존,8.923549755892603,9
2025-10-05,민트 초콜릿 도넛,11.83430955449158,12
2025-10-05,민트초콜릿 도넛,12.16653857254536,13
2025-10-05,바닐라 케이크,8.760364731033082,9
2025-10-05,바닐라 크룰러,9.255596332329015,10
2025-10-05,박스(소),15.559145547456373,16
2025-10-05,밤 크림도넛,15.488775584705927,16
2025-10-05,버터크럼 도넛,88.3913492110485,89
2025-10-05,베어 클라우,4.002715326201422,5
2025-10-05,베이컨 메이플 롱존,3.58627103290772,4
2025-10-05,베이컨메이플미니도넛,5.288494151680971,6
2025-10-05,봉투,47.84303666725744,48
2025-10-05,봉투 선택안함,47.84303666725744,48
2025-10-05,봉투(소),15.559145547456373,16
2025-10-05,블루베리 케이크,7.2542446457935865,8
2025-10-05,블루베리 필링 도넛,27.009820969341437,28
2025-10-05,슈가 도넛,18.88997190022415,19
2025-10-05,슈가 크론디,4.7953212107523315,5
2025-10-05,스노우블라썸케이크,12.965435444029895,13
2025-10-05,스모어 도넛,36.67956877931035,37
2025-10-05,스모크 베이컨 할라피뇨 도넛,33.819508542709876,34
2025-10-05,스트로베리크림 도넛,54.54015775538269,55
2025-10-05,스프링 어니언 도넛,28.695443348370812,29
2025-10-05,스프링클 미니도넛,21.544142076047837,22
2025-10-05,스프링클 케이크,11.242707302390501,12
2025-10-05,시나몬 롤,4.815653153740508,5
2025-10-05,시나몬 크럼 케이크,11.598605979074037,12
2025-10-05,아몬드 브리틀 도넛,44.979739826553676,45
2025-10-05,아베크 도넛,29.661484114638846,30
2025-10-05,애월 녹차 필링 도넛,56.268148073191384,57
2025-10-05,애플 고구마 도넛,18.366537127701083,19
2025-10-05,애플 프리터,81.58741262173969,82
2025-10-05,얼그레이 크림 앙 젤리 도넛,18.35794293534611,19
2025-10-05,엠앤엠 도넛,40.568675715017534,41
2025-10-05,연유 버터 크림 도넛,49.2555283268169,50
2025-10-05,오레오오즈도넛,43.93120016617619,44
2025-10-05,오렌지캔디 도넛,28.371627576704135,29
2025-10-05,오션 바캉스 도넛,14.553348058015672,15
2025-10-05,위트 앤 허니 케이크,27.97489441933993,28
2025-10-05,자색 고구마 도넛,17.009554863018458,18
2025-10-05,초코 크런치 스트로베리 도넛,26.893812805193974,27
2025-10-05,초코크런치스트로베리 도넛,8.634557566754612,9
2025-10-05,초콜릿 도넛,43.854413638999134,44
2025-10-05,초콜릿 버터밀크,12.512434326593565,13
2025-10-05,초콜릿 올드패션,35.7131636577073,36
2025-10-05,초콜릿 초코 롱존,4.560840382594127,5
2025-10-05,초콜릿 케이크,8.760364731033082,9
2025-10-05,초콜릿 코코넛 도넛,18.989901227931494,19
2025-10-05,초콜릿 크론디,40.90395762599815,41
2025-10-05,초콜릿 크룰러,9.163778509547441,10
2025-10-05,초콜릿 트위스트,8.37568405909715,9
2025-10-05,카라멜 코코넛 도넛,19.128508933463515,20
2025-10-05,커피 크럼 도넛,53.49529302319539,54
2025-10-05,커피크럼 도넛,39.25635717706026,40
2025-10-05,커피크럼 미니도넛,37.89978590451811,38
2025-10-05,코코 라즈베리 도넛,14.037159291120705,15
2025-10-05,코코넛 도넛,32.36901879776047,33
2025-10-05,코코넛 미니도넛,36.92580407310371,37
2025-10-05,코코라즈베리 도넛,6.987005534781174,7
2025-10-05,콘소메 크런치 트위스트,20.44583401523453,21
2025-10-05,크리스마스 세트,24.27810428590561,25
2025-10-05,크림 사탕 도넛,26.20576161401348,27
2025-10-05,크림사탕도넛,15.925380614957456,16
2025-10-05,타이거 테일,2.653278780596135,3
2025-10-05,텍사스 글레이즈 도넛,36.615471095606466,37
2025-10-05,포테이토 프리터,10.638593772929225,11
2025-10-05,플레인 버터밀크,13.40479199388166,14
2025-10-05,플레인 케이크,6.868988307552705,7
2025-10-05,피스타치오 가나슈 도넛,85.55705166178515,86
2025-10-05,핑크 스프링클 도넛,53.711239948352286,54
2025-10-06,(배달)가나슈 도넛,7.569155909839924,8
2025-10-06,(배달)글레이즈 도넛,15.683229119616536,16
2025-10-06,(배달)글레이즈 크론디,9.614072718081905,10
2025-10-06,(배달)누텔라 도넛,7.569155909839924,8
2025-10-06,(배달)딸기 필링 도넛,7.569155909839924,8
2025-10-06,(배달)레몬 필링 도넛,8.753514584234173,9
2025-10-06,(배달)로스트 코코넛 도넛,9.029478863798449,10
2025-10-06,(배달)버터크럼 도넛,7.569155909839924,8
2025-10-06,(배달)블루베리 필링 도넛,7.77478188689382,8
2025-10-06,(배달)슈가 도넛,9.009291388278069,10
2025-10-06,(배달)스모어 도넛,9.033098295898473,10
2025-10-06,(배달)스프링 어니언 도넛,9.066830183865878,10
2025-10-06,(배달)아몬드 브리틀 도넛,7.570659555462717,8
2025-10-06,(배달)애월 녹차 필링 도넛,9.05362445335952,10
2025-10-06,(배달)애플 프리터,7.02885563888647,8
2025-10-06,(배달)연유 버터 크림 도넛,7.6905845142542235,8
2025-10-06,(배달)초코 크런치 스트로베리 도넛,7.569155909839924,8
2025-10-06,(배달)초콜릿 도넛,7.569155909839924,8
2025-10-06,(배달)초콜릿 올드패션,8.596107736794766,9
2025-10-06,(배달)초콜릿 크론디,7.02885563888647,8
2025-10-06,(배달)카라멜 코코넛 도넛,7.6905845142542235,8
2025-10-06,(배달)커피 크럼 도넛,9.139774179579879,10
2025-10-06,(배달)코코넛 도넛,7.653689800750147,8
2025-10-06,(배달)크림 사탕 도넛,7.571161134176532,8
2025-10-06,(배달)텍사스 글레이즈 도넛,13.659402465573597,14
2025-10-06,(배달)핑크 스프링클 도넛,7.569155909839924,8
2025-10-06,(폐기1)스모어 도넛,12.749408552654225,13
2025-10-06,(폐기1)초콜릿 코코넛 도넛,12.749408552654225,13
2025-10-06,(폐기1)초콜릿 크론디,12.108319357782536,13
2025-10-06,1.글레이즈 올드패션,10.726513564581763,11
2025-10-06,11.커피 크럼 도넛,22.252836958668407,23
2025-10-06,12.코코넛 도넛,13.0335897796177,14
2025-10-06,13.가나슈 도넛,21.849745351427284,22
2025-10-06,14.누텔라 도넛,29.015273566949674,30
2025-10-06,15.로스트 코코넛 도넛,10.992919358204153,11
2025-10-06,17.버터크럼 도넛,29.015273566949674,30
2025-10-06,18.초콜릿 코코넛 도넛,8.988810091107686,9
2025-10-06,19.초콜릿 크론디,11.977475536210289,12
2025-10-06,20.카라멜 코코넛 도넛,8.988810091107686,9
2025-10-06,21.딸기 필링 도넛,29.015273566949674,30
2025-10-06,22.레몬 필링 도넛,12.979378222807197,13
2025-10-06,23.블루베리 필링 도넛,12.979378222807197,13
2025-10-06,24.스모어 도넛,12.979378222807197,13
2025-10-06,25.아몬드 브리틀 도넛,18.75280838735099,19
2025-10-06,26.애플 프리터,31.024449462864876,32
2025-10-06,28.크림 사탕 도넛,10.992919358204153,11
2025-10-06,29.텍사스 글레이즈 도넛,21.60026689441056,22
2025-10-06,3.글레이즈 도넛,54.41455964685759,55
2025-10-06,30.스프링 어니언 도넛,10.628305331019087,11
2025-10-06,31.애월 녹차 필링 도넛,13.942059654172795,14
2025-10-06,32.연유 버터 크림 도넛,22.120682207552782,23
2025-10-06,33.초코 크런치 스트로베리 도넛,10.992919358204153,11
2025-10-06,34.피스타치오 가나슈 도넛,29.015273566949674,30
2025-10-06,4.슈가 도넛,8.988810091107686,9
2025-10-06,5.초콜릿 올드패션,13.401302793797264,14
2025-10-06,6.초콜릿 도넛,18.790908970581945,19
2025-10-06,7.핑크 스프링클 도넛,22.120682207552782,23
2025-10-06,8.글레이즈 크론디,38.952044349218525,39
2025-10-06,[행사] 1,31.955579553115086,32
2025-10-06,[행사] 2,8.575483560281985,9
2025-10-06,[행사] 3,8.575483560281985,9
2025-10-06,[행사] 4,8.575483560281985,9
2025-10-06,[행사] 내유봉투,12.035571617742521,13
2025-10-06,[행사] 비닐(소),12.42882920065497,13
2025-10-06,[행사] 상박스(소),12.035571617742521,13
2025-10-06,[행사] 종이호일(소),12.035571617742521,13
2025-10-06,[행사] 하박스(소),12.035571617742521,13
2025-10-06,가나슈 도넛,38.29151683228795,39
2025-10-06,가나슈 미니도넛,19.351327078728342,20
2025-10-06,글레이즈 도넛,95.40116903954198,96
2025-10-06,글레이즈 버터밀크,16.055902591883537,17
2025-10-06,글레이즈 올드패션,25.31911029808528,26
2025-10-06,글레이즈 크론디,62.19779798699888,63
2025-10-06,글레이즈 트위스트,8.823234798087043,9
2025-10-06,누텔라 도넛,54.400335569196365,55
2025-10-06,더블 블루베리 케이크,13.420705055824222,14
2025-10-06,데블스 케이크,2.986249568073903,3
2025-10-06,딸기 필링 도넛,42.94394879507219,43
2025-10-06,딸기우유 크림 도넛,31.112138354309412,32
2025-10-06,딸기필링 도넛,18.450139863708948,19
2025-10-06,라봉 도넛,14.192678403506461,15
2025-10-06,라운드 미니도넛,6.852848528862243,7
2025-10-06,라즈베리 미니도넛,23.042674681606176,24
2025-10-06,라즈베리케이크,8.358182196248404,9
2025-10-06,라즈베리필링 도넛,24.67500109184576,25
2025-10-06,랜디넛 도넛,28.839866073871814,29
2025-10-06,럭키박스,13.452666937379162,14
2025-10-06,레몬 필링 도넛,22.082747350176682,23
2025-10-06,레몬필링 도넛,15.270233308169074,16
2025-10-06,로스트 코코넛 도넛,21.20649533561642,22
2025-10-06,롤링 소시지 도넛,10.899271818601504,11
2025-10-06,메이플 츄러스 도넛,28.463769275674633,29
2025-10-06,메이플 케이크,8.212550850989802,9
2025-10-06,메이플 크룰러,7.3332184505707385,8
2025-10-06,메이플 크림 롱존,5.3554935119480245,6
2025-10-06,민트 초콜릿 도넛,8.760910099411813,9
2025-10-06,민트초콜릿 도넛,8.13336977505537,9
2025-10-06,바닐라 케이크,6.480705687661789,7
2025-10-06,바닐라 크룰러,7.40849930937497,8
2025-10-06,박스(소),12.474253064825128,13
2025-10-06,밤 크림도넛,10.402767440972301,11
2025-10-06,버터크럼 도넛,63.72700462276155,64
2025-10-06,베어 클라우,2.888534170808491,3
2025-10-06,베이컨 메이플 롱존,3.0095380371289395,4
2025-10-06,베이컨메이플미니도넛,4.127564576492229,5
2025-10-06,봉투,32.4473934858916,33
2025-10-06,봉투 선택안함,32.4473934858916,33
2025-10-06,봉투(소),12.474253064825128,13
2025-10-06,블루베리 케이크,5.947999067841476,6
2025-10-06,블루베리 필링 도넛,22.673955834655445,23
2025-10-06,슈가 도넛,12.684142822300561,13
2025-10-06,슈가 크론디,3.9852624107532737,4
2025-10-06,스노우블라썸케이크,11.081645141356962,12
2025-10-06,스모어 도넛,24.87914619243248,25
2025-10-06,스모크 베이컨 할라피뇨 도넛,26.315462724499685,27
2025-10-06,스트로베리크림 도넛,36.59548874327856,37
2025-10-06,스프링 어니언 도넛,21.277997445676558,22
2025-10-06,스프링클 미니도넛,21.32196811765378,22
2025-10-06,스프링클 케이크,7.905272511027074,8
2025-10-06,시나몬 롤,4.653190336025918,5
2025-10-06,시나몬 크럼 케이크,8.2180021914128,9
2025-10-06,아몬드 브리틀 도넛,33.883374622016554,34
2025-10-06,아베크 도넛,20.64953816440529,21
2025-10-06,애월 녹차 필링 도넛,42.90512553256659,43
2025-10-06,애플 고구마 도넛,21.43513232037286,22
2025-10-06,애플 프리터,62.36132847867113,63
2025-10-06,얼그레이 크림 앙 젤리 도넛,19.14434920035015,20
2025-10-06,엠앤엠 도넛,28.718629030969208,29
2025-10-06,연유 버터 크림 도넛,37.39846653407911,38
2025-10-06,오레오오즈도넛,29.519343328833777,30
2025-10-06,오렌지캔디 도넛,22.99256750762395,23
2025-10-06,오션 바캉스 도넛,10.466037573278221,11
2025-10-06,위트 앤 허니 케이크,24.03925289141338,25
2025-10-06,자색 고구마 도넛,10.682886556201012,11
2025-10-06,초코 크런치 스트로베리 도넛,20.398055639838265,21
2025-10-06,초코크런치스트로베리 도넛,7.80378476090493,8
2025-10-06,초콜릿 도넛,33.86713491822939,34
2025-10-06,초콜릿 버터밀크,10.927649966455295,11
2025-10-06,초콜릿 올드패션,25.29060815417122,26
2025-10-06,초콜릿 초코 롱존,3.339831916857869,4
2025-10-06,초콜릿 케이크,6.480705687661789,7
2025-10-06,초콜릿 코코넛 도넛,13.530582338528209,14
2025-10-06,초콜릿 크론디,28.18443473280719,29
2025-10-06,초콜릿 크룰러,7.3332184505707385,8
2025-10-06,초콜릿 트위스트,6.592416271945765,7
2025-10-06,카라멜 코코넛 도넛,13.28405122401814,14
2025-10-06,커피 크럼 도넛,42.671004641011606,43
2025-10-06,커피크럼 도넛,23.304568039422573,24
2025-10-06,커피크럼 미니도넛,19.258196189437573,20
2025-10-06,코코 라즈베리 도넛,9.489546414744304,10
2025-10-06,코코넛 도넛,25.039966594624662,26
2025-10-06,코코넛 미니도넛,17.676432172078403,18
2025-10-06,코코라즈베리 도넛,5.932445062413704,6
2025-10-06,콘소메 크런치 트위스트,13.791059161703593,14
2025-10-06,크리스마스 세트,19.82918882273942,20
2025-10-06,크림 사탕 도넛,19.199723721491686,20
2025-10-06,크림사탕도넛,10.44038641879755,11
2025-10-06,타이거 테일,1.8792791331321772,2
2025-10-06,텍사스 글레이즈 도넛,29.24920764316027,30
2025-10-06,포테이토 프리터,9.253740036977264,10
2025-10-06,플레인 버터밀크,7.449233535240307,8
2025-10-06,플레인 케이크,5.971376762477338,6
2025-10-06,피스타치오 가나슈 도넛,82.09100418606015,83
2025-10-06,핑크 스프링클 도넛,36.079330586124144,37
2025-10-07,(배달)가나슈 도넛,15.785391749405514,16
2025-10-07,(배달)글레이즈 도넛,31.841679891124585,32
2025-10-07,(배달)글레이즈 크론디,19.217378566278732,20
2025-10-07,(배달)누텔라 도넛,15.785391749405514,16
2025-10-07,(배달)딸기 필링 도넛,15.785391749405514,16
2025-10-07,(배달)레몬 필링 도넛,15.789319613058538,16
2025-10-07,(배달)로스트 코코넛 도넛,15.885347861063142,16
2025-10-07,(배달)버터크럼 도넛,15.785391749405514,16
2025-10-07,(배달)블루베리 필링 도넛,16.048628593595282,17
2025-10-07,(배달)슈가 도넛,15.87310797446167,16
2025-10-07,(배달)스모어 도넛,15.914866442652105,16
2025-10-07,(배달)스프링 어니언 도넛,16.00684945973926,17
2025-10-07,(배달)아몬드 브리틀 도넛,15.465872909986436,16
2025-10-07,(배달)애월 녹차 필링 도넛,15.984539768741643,16
2025-10-07,(배달)애플 프리터,13.71291026624294,14
2025-10-07,(배달)연유 버터 크림 도넛,15.975596051580851,16
2025-10-07,(배달)초코 크런치 스트로베리 도넛,15.785391749405514,16
2025-10-07,(배달)초콜릿 도넛,15.785391749405514,16
2025-10-07,(배달)초콜릿 올드패션,14.056750276430517,15
2025-10-07,(배달)초콜릿 크론디,13.71291026624294,14
2025-10-07,(배달)카라멜 코코넛 도넛,15.975596051580851,16
2025-10-07,(배달)커피 크럼 도넛,16.284604345136813,17
2025-10-07,(배달)코코넛 도넛,15.950978009004338,16
2025-10-07,(배달)크림 사탕 도넛,15.789319613058538,16
2025-10-07,(배달)텍사스 글레이즈 도넛,23.96895347163151,24
2025-10-07,(배달)핑크 스프링클 도넛,15.785391749405514,16
2025-10-07,(폐기1)스모어 도넛,20.73179479259873,21
2025-10-07,(폐기1)초콜릿 코코넛 도넛,20.73179479259873,21
2025-10-07,(폐기1)초콜릿 크론디,18.340354373170754,19
2025-10-07,1.글레이즈 올드패션,18.029374398543727,19
2025-10-07,11.커피 크럼 도넛,43.056544419372045,44
2025-10-07,12.코코넛 도넛,22.453610977502432,23
2025-10-07,13.가나슈 도넛,42.25237922069291,43
2025-10-07,14.누텔라 도넛,44.24260174065951,45
2025-10-07,15.로스트 코코넛 도넛,19.310616002283613,20
2025-10-07,17.버터크럼 도넛,44.24260174065951,45
2025-10-07,18.초콜릿 코코넛 도넛,15.532437314458347,16
2025-10-07,19.초콜릿 크론디,19.12861648457885,20
2025-10-07,20.카라멜 코코넛 도넛,15.532437314458347,16
2025-10-07,21.딸기 필링 도넛,44.24260174065951,45
2025-10-07,22.레몬 필링 도넛,22.437857313985162,23
2025-10-07,23.블루베리 필링 도넛,22.437857313985162,23
2025-10-07,24.스모어 도넛,22.437857313985162,23
2025-10-07,25.아몬드 브리틀 도넛,22.811923074516944,23
2025-10-07,26.애플 프리터,47.23709760812022,48
2025-10-07,28.크림 사탕 도넛,19.310616002283613,20
2025-10-07,29.텍사스 글레이즈 도넛,37.72333006238428,38
2025-10-07,3.글레이즈 도넛,82.72009849982761,83
2025-10-07,30.스프링 어니언 도넛,18.756213898312883,19
2025-10-07,31.애월 녹차 필링 도넛,22.910044400763677,23
2025-10-07,32.연유 버터 크림 도넛,41.5158975178182,42
2025-10-07,33.초코 크런치 스트로베리 도넛,19.310616002283613,20
2025-10-07,34.피스타치오 가나슈 도넛,44.24260174065951,45
2025-10-07,4.슈가 도넛,15.532437314458347,16
2025-10-07,5.초콜릿 올드패션,22.080278935110847,23
2025-10-07,6.초콜릿 도넛,31.807877671952323,32
2025-10-07,7.핑크 스프링클 도넛,41.5158975178182,42
2025-10-07,8.글레이즈 크론디,60.16076888714246,61
2025-10-07,[행사] 1,48.54547373135608,49
2025-10-07,[행사] 2,14.02438996077679,15
2025-10-07,[행사] 3,14.02438996077679,15
2025-10-07,[행사] 4,14.02438996077679,15
2025-10-07,[행사] 내유봉투,18.332962223340775,19
2025-10-07,[행사] 비닐(소),18.81032706152253,19
2025-10-07,[행사] 상박스(소),18.332962223340775,19
2025-10-07,[행사] 종이호일(소),18.332962223340775,19
2025-10-07,[행사] 하박스(소),18.332962223340775,19
2025-10-07,가나슈 도넛,45.33637398662099,46
2025-10-07,가나슈 미니도넛,22.496865901902375,23
2025-10-07,글레이즈 도넛,112.22294271672008,113
2025-10-07,글레이즈 버터밀크,17.341475549933786,18
2025-10-07,글레이즈 올드패션,30.240400436794605,31
2025-10-07,글레이즈 크론디,73.24394636522382,74
2025-10-07,글레이즈 트위스트,10.264250315163304,11
2025-10-07,누텔라 도넛,64.54435096242545,65
2025-10-07,더블 블루베리 케이크,16.64847348106726,17
2025-10-07,데블스 케이크,3.5989540080996787,4
2025-10-07,딸기 필링 도넛,45.58711931039682,46
2025-10-07,딸기우유 크림 도넛,35.712264247363116,36
2025-10-07,딸기필링 도넛,21.970514072124455,22
2025-10-07,라봉 도넛,22.329504250777703,23
2025-10-07,라운드 미니도넛,7.502352770559617,8
2025-10-07,라즈베리 미니도넛,22.695913470322424,23
2025-10-07,라즈베리케이크,9.112938758206047,10
2025-10-07,라즈베리필링 도넛,30.333439903649772,31
2025-10-07,랜디넛 도넛,35.56596320586619,36
2025-10-07,럭키박스,14.622126364966633,15
2025-10-07,레몬 필링 도넛,24.042041039573014,25
2025-10-07,레몬필링 도넛,17.11921657606126,18
2025-10-07,로스트 코코넛 도넛,24.6453645541096,25
2025-10-07,롤링 소시지 도넛,19.58675119609779,20
2025-10-07,메이플 츄러스 도넛,35.28988413994547,36
2025-10-07,메이플 케이크,9.364473719237832,10
2025-10-07,메이플 크룰러,8.233567344018475,9
2025-10-07,메이플 크림 롱존,6.644561438272924,7
2025-10-07,민트 초콜릿 도넛,16.90046252002203,17
2025-10-07,민트초콜릿 도넛,8.955597877434723,9
2025-10-07,바닐라 케이크,7.352766448557451,8
2025-10-07,바닐라 크룰러,8.316981799502575,9
2025-10-07,박스(소),18.769949903185058,19
2025-10-07,밤 크림도넛,19.408965479508005,20
2025-10-07,버터크럼 도넛,74.83100671437835,75
2025-10-07,베어 클라우,3.5289074670222984,4
2025-10-07,베이컨 메이플 롱존,3.553694693574881,4
2025-10-07,베이컨메이플미니도넛,6.769568298783685,7
2025-10-07,봉투,52.3185900918641,53
2025-10-07,봉투 선택안함,52.3185900918641,53
2025-10-07,봉투(소),18.769949903185058,19
2025-10-07,블루베리 케이크,6.937519186690948,7
2025-10-07,블루베리 필링 도넛,26.43340397216915,27
2025-10-07,슈가 도넛,16.262244166427802,17
2025-10-07,슈가 크론디,4.562325208674266,5
2025-10-07,스노우블라썸케이크,10.404614675291354,11
2025-10-07,스모어 도넛,29.366719781417203,30
2025-10-07,스모크 베이컨 할라피뇨 도넛,30.26800008362122,31
2025-10-07,스트로베리크림 도넛,44.06325291626131,45
2025-10-07,스프링 어니언 도넛,23.948293613629044,24
2025-10-07,스프링클 미니도넛,21.349589612293776,22
2025-10-07,스프링클 케이크,8.963390181013336,9
2025-10-07,시나몬 롤,5.117428765334549,6
2025-10-07,시나몬 크럼 케이크,9.364473719237832,10
2025-10-07,아몬드 브리틀 도넛,35.789156232692186,36
2025-10-07,아베크 도넛,22.687041917246717,23
2025-10-07,애월 녹차 필링 도넛,48.20912431876148,49
2025-10-07,애플 고구마 도넛,23.923806185711367,24
2025-10-07,애플 프리터,74.77198575208566,75
2025-10-07,얼그레이 크림 앙 젤리 도넛,20.251012638396045,21
2025-10-07,엠앤엠 도넛,33.04223679730407,34
2025-10-07,연유 버터 크림 도넛,43.38254421365862,44
2025-10-07,오레오오즈도넛,36.33679114138513,37
2025-10-07,오렌지캔디 도넛,25.260649762139632,26
2025-10-07,오션 바캉스 도넛,19.383859412054843,20
2025-10-07,위트 앤 허니 케이크,30.39718786140296,31
2025-10-07,자색 고구마 도넛,18.29943373582765,19
2025-10-07,초코 크런치 스트로베리 도넛,22.764346492182252,23
2025-10-07,초코크런치스트로베리 도넛,8.6559836268104,9
2025-10-07,초콜릿 도넛,41.078201344651674,42
2025-10-07,초콜릿 버터밀크,11.087303449401762,12
2025-10-07,초콜릿 올드패션,32.2682204675579,33
2025-10-07,초콜릿 초코 롱존,4.143525464095303,5
2025-10-07,초콜릿 케이크,7.352766448557451,8
2025-10-07,초콜릿 코코넛 도넛,17.088826590522658,18
2025-10-07,초콜릿 크론디,31.488881642637693,32
2025-10-07,초콜릿 크룰러,8.233567344018475,9
2025-10-07,초콜릿 트위스트,7.395539698065269,8
2025-10-07,카라멜 코코넛 도넛,16.77695477899654,17
2025-10-07,커피 크럼 도넛,44.54475202507282,45
2025-10-07,커피크럼 도넛,27.1800635850033,28
2025-10-07,커피크럼 미니도넛,22.69544408557502,23
2025-10-07,코코 라즈베리 도넛,15.478126656136936,16
2025-10-07,코코넛 도넛,28.896901129863842,29
2025-10-07,코코넛 미니도넛,21.00363066390139,22
2025-10-07,코코라즈베리 도넛,6.949144139544476,7
2025-10-07,콘소메 크런치 트위스트,15.054778655027974,16
2025-10-07,크리스마스 세트,29.233677492190747,30
2025-10-07,크림 사탕 도넛,21.13747745755384,22
2025-10-07,크림사탕도넛,11.964065133470664,12
2025-10-07,타이거 테일,2.3256029320800247,3
2025-10-07,텍사스 글레이즈 도넛,34.44151688687995,35
2025-10-07,포테이토 프리터,9.454629842885737,10
2025-10-07,플레인 버터밀크,14.888049262993466,15
2025-10-07,플레인 케이크,6.7088068229099775,7
2025-10-07,피스타치오 가나슈 도넛,81.49189395230509,82
2025-10-07,핑크 스프링클 도넛,42.058810582673246,43
2025-10-08,(배달)가나슈 도넛,20.52163104544409,21
2025-10-08,(배달)글레이즈 도넛,44.307351414413574,45
2025-10-08,(배달)글레이즈 크론디,17.3436013118824,18
2025-10-08,(배달)누텔라 도넛,20.52163104544409,21
2025-10-08,(배달)딸기 필링 도넛,20.52163104544409,21
2025-10-08,(배달)레몬 필링 도넛,20.52666721222526,21
2025-10-08,(배달)로스트 코코넛 도넛,21.275091248100278,22
2025-10-08,(배달)버터크럼 도넛,20.52163104544409,21
2025-10-08,(배달)블루베리 필링 도넛,21.604520787306452,22
2025-10-08,(배달)슈가 도넛,21.269574508463887,22
2025-10-08,(배달)스모어 도넛,21.327755182049422,22
2025-10-08,(배달)스프링 어니언 도넛,21.61158601012278,22
2025-10-08,(배달)아몬드 브리틀 도넛,20.52163104544409,21
2025-10-08,(배달)애월 녹차 필링 도넛,21.61789606214979,22
2025-10-08,(배달)애플 프리터,13.183202497930871,14
2025-10-08,(배달)연유 버터 크림 도넛,21.605985932825924,22
2025-10-08,(배달)초코 크런치 스트로베리 도넛,20.52163104544409,21
2025-10-08,(배달)초콜릿 도넛,20.52163104544409,21
2025-10-08,(배달)초콜릿 올드패션,13.455534072760713,14
2025-10-08,(배달)초콜릿 크론디,13.183202497930871,14
2025-10-08,(배달)카라멜 코코넛 도넛,21.605985932825924,22
2025-10-08,(배달)커피 크럼 도넛,23.3466984497711,24
2025-10-08,(배달)코코넛 도넛,20.45455598936175,21
2025-10-08,(배달)크림 사탕 도넛,20.52666721222526,21
2025-10-08,(배달)텍사스 글레이즈 도넛,31.068410776575146,32
2025-10-08,(배달)핑크 스프링클 도넛,20.52163104544409,21
2025-10-08,(폐기1)스모어 도넛,28.409028702885454,29
2025-10-08,(폐기1)초콜릿 코코넛 도넛,28.409028702885454,29
2025-10-08,(폐기1)초콜릿 크론디,18.469973955374602,19
2025-10-08,1.글레이즈 올드패션,16.62132581693303,17
2025-10-08,11.커피 크럼 도넛,57.87725715540047,58
2025-10-08,12.코코넛 도넛,31.492048132846723,32
2025-10-08,13.가나슈 도넛,47.03231533107655,48
2025-10-08,14.누텔라 도넛,58.17356577523325,59
2025-10-08,15.로스트 코코넛 도넛,26.38099094956573,27
2025-10-08,17.버터크럼 도넛,58.17356577523325,59
2025-10-08,18.초콜릿 코코넛 도넛,21.63333689833862,22
2025-10-08,19.초콜릿 크론디,18.472122771851932,19
2025-10-08,20.카라멜 코코넛 도넛,21.63333689833862,22
2025-10-08,21.딸기 필링 도넛,58.17356577523325,59
2025-10-08,22.레몬 필링 도넛,30.691321714604808,31
2025-10-08,23.블루베리 필링 도넛,30.691321714604808,31
2025-10-08,24.스모어 도넛,30.691321714604808,31
2025-10-08,25.아몬드 브리틀 도넛,30.19270981968081,31
2025-10-08,26.애플 프리터,54.42285656802262,55
2025-10-08,28.크림 사탕 도넛,26.38099094956573,27
2025-10-08,29.텍사스 글레이즈 도넛,46.175463616037874,47
2025-10-08,3.글레이즈 도넛,104.41010249082922,105
2025-10-08,30.스프링 어니언 도넛,26.040786152086984,27
2025-10-08,31.애월 녹차 필링 도넛,30.27206056985806,31
2025-10-08,32.연유 버터 크림 도넛,54.402282664140365,55
2025-10-08,33.초코 크런치 스트로베리 도넛,26.38099094956573,27
2025-10-08,34.피스타치오 가나슈 도넛,58.17356577523325,59
2025-10-08,4.슈가 도넛,21.63333689833862,22
2025-10-08,5.초콜릿 올드패션,21.396975856545318,22
2025-10-08,6.초콜릿 도넛,46.58411692031545,47
2025-10-08,7.핑크 스프링클 도넛,54.402282664140365,55
2025-10-08,8.글레이즈 크론디,61.78479388738433,62
2025-10-08,[행사] 1,54.57487096617749,55
2025-10-08,[행사] 2,13.631061604693246,14
2025-10-08,[행사] 3,13.631061604693246,14
2025-10-08,[행사] 4,13.631061604693246,14
2025-10-08,[행사] 내유봉투,18.04317342150635,19
2025-10-08,[행사] 비닐(소),18.77720477812889,19
2025-10-08,[행사] 상박스(소),18.04317342150635,19
2025-10-08,[행사] 종이호일(소),18.04317342150635,19
2025-10-08,[행사] 하박스(소),18.04317342150635,19
2025-10-08,가나슈 도넛,58.071602008360905,59
2025-10-08,가나슈 미니도넛,29.604140831114623,30
2025-10-08,글레이즈 도넛,142.25810776008925,143
2025-10-08,글레이즈 버터밀크,14.445565544674698,15
2025-10-08,글레이즈 올드패션,37.96898245862302,38
2025-10-08,글레이즈 크론디,80.87938340150531,81
2025-10-08,글레이즈 트위스트,8.324586378351048,9
2025-10-08,누텔라 도넛,85.3903046176997,86
2025-10-08,더블 블루베리 케이크,15.961228469151543,16
2025-10-08,데블스 케이크,2.4212516593729965,3
2025-10-08,딸기 필링 도넛,57.28291275344156,58
2025-10-08,딸기우유 크림 도넛,41.35022641487031,42
2025-10-08,딸기필링 도넛,23.639502351334723,24
2025-10-08,라봉 도넛,29.21716004294338,30
2025-10-08,라운드 미니도넛,7.510100203030583,8
2025-10-08,라즈베리 미니도넛,28.51066701109171,29
2025-10-08,라즈베리케이크,8.7629295078361,9
2025-10-08,라즈베리필링 도넛,40.646283140025325,41
2025-10-08,랜디넛 도넛,43.7740012121261,44
2025-10-08,럭키박스,12.140125691231027,13
2025-10-08,레몬 필링 도넛,31.789248050057648,32
2025-10-08,레몬필링 도넛,18.18470244578917,19
2025-10-08,로스트 코코넛 도넛,31.583193114062666,32
2025-10-08,롤링 소시지 도넛,24.23976864552723,25
2025-10-08,메이플 츄러스 도넛,33.411408498545164,34
2025-10-08,메이플 케이크,9.362322358691602,10
2025-10-08,메이플 크룰러,7.755716748331822,8
2025-10-08,메이플 크림 롱존,5.960772425784839,6
2025-10-08,민트 초콜릿 도넛,24.031250360822888,25
2025-10-08,민트초콜릿 도넛,9.059506642651012,10
2025-10-08,바닐라 케이크,7.418424004240656,8
2025-10-08,바닐라 크룰러,7.755716748331822,8
2025-10-08,박스(소),11.481549053295204,12
2025-10-08,밤 크림도넛,24.871454606173256,25
2025-10-08,버터크럼 도넛,97.63243267826705,98
2025-10-08,베어 클라우,2.6434607534236907,3
2025-10-08,베이컨 메이플 롱존,2.210493621896879,3
2025-10-08,베이컨메이플미니도넛,10.51129750677202,11
2025-10-08,봉투,57.169569591557746,58
2025-10-08,봉투 선택안함,57.169569591557746,58
2025-10-08,봉투(소),11.481549053295204,12
2025-10-08,블루베리 케이크,6.600864667593122,7
2025-10-08,블루베리 필링 도넛,33.95081849524669,34
2025-10-08,슈가 도넛,21.375358789172164,22
2025-10-08,슈가 크론디,3.1415325614079923,4
2025-10-08,스노우블라썸케이크,15.143215818770708,16
2025-10-08,스모어 도넛,37.52539956990288,38
2025-10-08,스모크 베이컨 할라피뇨 도넛,37.04209030457287,38
2025-10-08,스트로베리크림 도넛,51.699745323447296,52
2025-10-08,스프링 어니언 도넛,32.132558259782336,33
2025-10-08,스프링클 미니도넛,25.606108037523875,26
2025-10-08,스프링클 케이크,8.835791936397527,9
2025-10-08,시나몬 롤,3.716893138581402,4
2025-10-08,시나몬 크럼 케이크,9.457154221653322,10
2025-10-08,아몬드 브리틀 도넛,49.11108287411845,50
2025-10-08,아베크 도넛,25.97942949147451,26
2025-10-08,애월 녹차 필링 도넛,60.48858296266145,61
2025-10-08,애플 고구마 도넛,32.13623418990866,33
2025-10-08,애플 프리터,84.89956628959429,85
2025-10-08,얼그레이 크림 앙 젤리 도넛,23.619848298808915,24
2025-10-08,엠앤엠 도넛,34.045185059444314,35
2025-10-08,연유 버터 크림 도넛,52.8069895435672,53
2025-10-08,오레오오즈도넛,36.51590725962671,37
2025-10-08,오렌지캔디 도넛,30.061426365492345,31
2025-10-08,오션 바캉스 도넛,24.10480272106616,25
2025-10-08,위트 앤 허니 케이크,31.77605555129515,32
2025-10-08,자색 고구마 도넛,25.26441997168348,26
2025-10-08,초코 크런치 스트로베리 도넛,32.44765125170288,33
2025-10-08,초코크런치스트로베리 도넛,8.342709329626699,9
2025-10-08,초콜릿 도넛,51.96464336288305,52
2025-10-08,초콜릿 버터밀크,9.61079695319912,10
2025-10-08,초콜릿 올드패션,36.83315950918395,37
2025-10-08,초콜릿 초코 롱존,2.803974685574558,3
2025-10-08,초콜릿 케이크,7.418424004240656,8
2025-10-08,초콜릿 코코넛 도넛,21.84403025804444,22
2025-10-08,초콜릿 크론디,34.880052075343414,35
2025-10-08,초콜릿 크룰러,7.755716748331822,8
2025-10-08,초콜릿 트위스트,6.360710820948412,7
2025-10-08,카라멜 코코넛 도넛,21.640538445510163,22
2025-10-08,커피 크럼 도넛,60.23142384790869,61
2025-10-08,커피크럼 도넛,31.432280633941136,32
2025-10-08,커피크럼 미니도넛,30.821279725696435,31
2025-10-08,코코 라즈베리 도넛,22.391729392301418,23
2025-10-08,코코넛 도넛,36.771951567362414,37
2025-10-08,코코넛 미니도넛,28.671052594006454,29
2025-10-08,코코라즈베리 도넛,6.89708324260771,7
2025-10-08,콘소메 크런치 트위스트,13.612240730256225,14
2025-10-08,크리스마스 세트,30.208992677834026,31
2025-10-08,크림 사탕 도넛,30.51197039713795,31
2025-10-08,크림사탕도넛,13.63400766393326,14
2025-10-08,타이거 테일,1.881196778348551,2
2025-10-08,텍사스 글레이즈 도넛,39.053053878230266,40
2025-10-08,포테이토 프리터,8.356708123895416,9
2025-10-08,플레인 버터밀크,10.490921433593392,11
2025-10-08,플레인 케이크,5.737015862979121,6
2025-10-08,피스타치오 가나슈 도넛,82.62229773695205,83
2025-10-08,핑크 스프링클 도넛,54.668330252727706,55
2025-10-09,(배달)가나슈 도넛,17.98723117829524,18
2025-10-09,(배달)글레이즈 도넛,42.36123125253788,43
2025-10-09,(배달)글레이즈 크론디,18.57527356499614,19
2025-10-09,(배달)누텔라 도넛,17.98723117829524,18
2025-10-09,(배달)딸기 필링 도넛,17.98723117829524,18
2025-10-09,(배달)레몬 필링 도넛,17.991674283128916,18
2025-10-09,(배달)로스트 코코넛 도넛,18.327119936825245,19
2025-10-09,(배달)버터크럼 도넛,17.98723117829524,18
2025-10-09,(배달)블루베리 필링 도넛,19.79500962540293,20
2025-10-09,(배달)슈가 도넛,18.322333303745935,19
2025-10-09,(배달)스모어 도넛,18.33339105017438,19
2025-10-09,(배달)스프링 어니언 도넛,18.414990836052407,19
2025-10-09,(배달)아몬드 브리틀 도넛,17.98723117829524,18
2025-10-09,(배달)애월 녹차 필링 도넛,18.584621281287443,19
2025-10-09,(배달)애플 프리터,13.017758373064122,14
2025-10-09,(배달)연유 버터 크림 도넛,18.41018244050904,19
2025-10-09,(배달)초코 크런치 스트로베리 도넛,17.98723117829524,18
2025-10-09,(배달)초콜릿 도넛,17.98723117829524,18
2025-10-09,(배달)초콜릿 올드패션,13.457864469070998,14
2025-10-09,(배달)초콜릿 크론디,13.017758373064122,14
2025-10-09,(배달)카라멜 코코넛 도넛,18.41018244050904,19
2025-10-09,(배달)커피 크럼 도넛,20.42975203465629,21
2025-10-09,(배달)코코넛 도넛,18.178751308164816,19
2025-10-09,(배달)크림 사탕 도넛,17.991674283128916,18
2025-10-09,(배달)텍사스 글레이즈 도넛,26.331746681998453,27
2025-10-09,(배달)핑크 스프링클 도넛,17.98723117829524,18
2025-10-09,(폐기1)스모어 도넛,24.07761404478952,25
2025-10-09,(폐기1)초콜릿 코코넛 도넛,24.07761404478952,25
2025-10-09,(폐기1)초콜릿 크론디,17.26748208580964,18
2025-10-09,1.글레이즈 올드패션,18.35998204761923,19
2025-10-09,11.커피 크럼 도넛,58.47589944007496,59
2025-10-09,12.코코넛 도넛,29.751589224756103,30
2025-10-09,13.가나슈 도넛,54.65303025777623,55
2025-10-09,14.누텔라 도넛,59.15339594273474,60
2025-10-09,15.로스트 코코넛 도넛,25.741685052599724,26
2025-10-09,17.버터크럼 도넛,59.15339594273474,60
2025-10-09,18.초콜릿 코코넛 도넛,18.333783710716318,19
2025-10-09,19.초콜릿 크론디,19.620797835862092,20
2025-10-09,20.카라멜 코코넛 도넛,18.333783710716318,19
2025-10-09,21.딸기 필링 도넛,59.15339594273474,60
2025-10-09,22.레몬 필링 도넛,30.494641478484574,31
2025-10-09,23.블루베리 필링 도넛,30.494641478484574,31
2025-10-09,24.스모어 도넛,30.494641478484574,31
2025-10-09,25.아몬드 브리틀 도넛,29.931243593133203,30
2025-10-09,26.애플 프리터,57.836748766153626,58
2025-10-09,28.크림 사탕 도넛,25.741685052599724,26
2025-10-09,29.텍사스 글레이즈 도넛,46.15696211981242,47
2025-10-09,3.글레이즈 도넛,105.75849010228383,106
2025-10-09,30.스프링 어니언 도넛,25.562755121263127,26
2025-10-09,31.애월 녹차 필링 도넛,30.058701364364918,31
2025-10-09,32.연유 버터 크림 도넛,54.13311283238623,55
2025-10-09,33.초코 크런치 스트로베리 도넛,25.741685052599724,26
2025-10-09,34.피스타치오 가나슈 도넛,59.15339594273474,60
2025-10-09,4.슈가 도넛,18.333783710716318,19
2025-10-09,5.초콜릿 올드패션,23.73908694155933,24
2025-10-09,6.초콜릿 도넛,40.49282517522822,41
2025-10-09,7.핑크 스프링클 도넛,54.13311283238623,55
2025-10-09,8.글레이즈 크론디,69.57037995023465,70
2025-10-09,[행사] 1,58.51614675640565,59
2025-10-09,[행사] 2,13.653541050167222,14
2025-10-09,[행사] 3,13.653541050167222,14
2025-10-09,[행사] 4,13.653541050167222,14
2025-10-09,[행사] 내유봉투,17.557390387134856,18
2025-10-09,[행사] 비닐(소),17.67565354366113,18
2025-10-09,[행사] 상박스(소),17.557390387134856,18
2025-10-09,[행사] 종이호일(소),17.557390387134856,18
2025-10-09,[행사] 하박스(소),17.557390387134856,18
2025-10-09,가나슈 도넛,53.645661826906554,54
2025-10-09,가나슈 미니도넛,34.70964324434765,35
2025-10-09,글레이즈 도넛,121.1250712636539,122
2025-10-09,글레이즈 버터밀크,18.411223487813956,19
2025-10-09,글레이즈 올드패션,26.98988976841259,27
2025-10-09,글레이즈 크론디,66.29132110528806,67
2025-10-09,글레이즈 트위스트,11.80630521998327,12
2025-10-09,누텔라 도넛,76.43036153613608,77
2025-10-09,더블 블루베리 케이크,16.866490616874703,17
2025-10-09,데블스 케이크,2.932567068260704,3
2025-10-09,딸기 필링 도넛,55.29528638753743,56
2025-10-09,딸기우유 크림 도넛,34.01765265799944,35
2025-10-09,딸기필링 도넛,22.437478922488662,23
2025-10-09,라봉 도넛,24.89967109101205,25
2025-10-09,라운드 미니도넛,7.901888496692524,8
2025-10-09,라즈베리 미니도넛,30.545590010665002,31
2025-10-09,라즈베리케이크,11.8089634984794,12
2025-10-09,라즈베리필링 도넛,42.34198772219376,43
2025-10-09,랜디넛 도넛,40.43690241754477,41
2025-10-09,럭키박스,15.077507833549127,16
2025-10-09,레몬 필링 도넛,31.50201460816585,32
2025-10-09,레몬필링 도넛,16.58641702604156,17
2025-10-09,로스트 코코넛 도넛,27.8586133665967,28
2025-10-09,롤링 소시지 도넛,21.103841126657056,22
2025-10-09,메이플 츄러스 도넛,46.36410451478965,47
2025-10-09,메이플 케이크,11.27810472413948,12
2025-10-09,메이플 크룰러,9.205788805596244,10
2025-10-09,메이플 크림 롱존,6.578260529712335,7
2025-10-09,민트 초콜릿 도넛,18.775191277177548,19
2025-10-09,민트초콜릿 도넛,8.503021262444085,9
2025-10-09,바닐라 케이크,9.071050491266679,10
2025-10-09,바닐라 크룰러,9.297986142149608,10
2025-10-09,박스(소),17.71947676665421,18
2025-10-09,밤 크림도넛,21.663925764329047,22
2025-10-09,버터크럼 도넛,88.44916623139811,89
2025-10-09,베어 클라우,2.917324391806639,3
2025-10-09,베이컨 메이플 롱존,2.699490808265013,3
2025-10-09,베이컨메이플미니도넛,10.039621050948913,11
2025-10-09,봉투,54.46131308206954,55
2025-10-09,봉투 선택안함,54.46131308206954,55
2025-10-09,봉투(소),17.71947676665421,18
2025-10-09,블루베리 케이크,7.67684974602853,8
2025-10-09,블루베리 필링 도넛,29.84484449951767,30
2025-10-09,슈가 도넛,19.679228897809004,20
2025-10-09,슈가 크론디,3.6548859607485973,4
2025-10-09,스노우블라썸케이크,15.426148469621328,16
2025-10-09,스모어 도넛,33.131621692422605,34
2025-10-09,스모크 베이컨 할라피뇨 도넛,40.16305322597589,41
2025-10-09,스트로베리크림 도넛,57.43804396446942,58
2025-10-09,스프링 어니언 도넛,29.51382385983278,30
2025-10-09,스프링클 미니도넛,27.406700682219938,28
2025-10-09,스프링클 케이크,10.995702374027397,11
2025-10-09,시나몬 롤,4.030359340043678,5
2025-10-09,시나몬 크럼 케이크,11.390469067220602,12
2025-10-09,아몬드 브리틀 도넛,44.70755560697679,45
2025-10-09,아베크 도넛,27.1894441860704,28
2025-10-09,애월 녹차 필링 도넛,61.675153628546006,62
2025-10-09,애플 고구마 도넛,30.33682528210955,31
2025-10-09,애플 프리터,75.1146192403153,76
2025-10-09,얼그레이 크림 앙 젤리 도넛,24.021701898380652,25
2025-10-09,엠앤엠 도넛,42.390346503037115,43
2025-10-09,연유 버터 크림 도넛,54.66176909470286,55
2025-10-09,오레오오즈도넛,45.479722812274375,46
2025-10-09,오렌지캔디 도넛,29.977174208976695,30
2025-10-09,오션 바캉스 도넛,20.918307087269035,21
2025-10-09,위트 앤 허니 케이크,35.27722986960264,36
2025-10-09,자색 고구마 도넛,21.20957529975863,22
2025-10-09,초코 크런치 스트로베리 도넛,30.686160430842598,31
2025-10-09,초코크런치스트로베리 도넛,8.041397525941695,9
2025-10-09,초콜릿 도넛,46.79560458762762,47
2025-10-09,초콜릿 버터밀크,11.55296369898607,12
2025-10-09,초콜릿 올드패션,33.16819510560006,34
2025-10-09,초콜릿 초코 롱존,3.366893787096571,4
2025-10-09,초콜릿 케이크,9.071050491266679,10
2025-10-09,초콜릿 코코넛 도넛,19.793552063973525,20
2025-10-09,초콜릿 크론디,29.53748340312981,30
2025-10-09,초콜릿 크룰러,9.205788805596244,10
2025-10-09,초콜릿 트위스트,8.354450240013099,9
2025-10-09,카라멜 코코넛 도넛,19.466335453295915,20
2025-10-09,커피 크럼 도넛,56.903778654400995,57
2025-10-09,커피크럼 도넛,32.76731471153681,33
2025-10-09,커피크럼 미니도넛,36.5251099877448,37
2025-10-09,코코 라즈베리 도넛,17.396471473509095,18
2025-10-09,코코넛 도넛,31.284574722019862,32
2025-10-09,코코넛 미니도넛,32.833890693192636,33
2025-10-09,코코라즈베리 도넛,6.897056689514987,7
2025-10-09,콘소메 크런치 트위스트,16.591861795108162,17
2025-10-09,크리스마스 세트,22.872754442120954,23
2025-10-09,크림 사탕 도넛,28.75674059298833,29
2025-10-09,크림사탕도넛,14.028288791399653,15
2025-10-09,타이거 테일,2.015891734585405,3
2025-10-09,텍사스 글레이즈 도넛,31.958676957158275,32
2025-10-09,포테이토 프리터,9.87880480543242,10
2025-10-09,플레인 버터밀크,11.014162109791448,12
2025-10-09,플레인 케이크,6.723233677712826,7
2025-10-09,피스타치오 가나슈 도넛,92.88967185796992,93
2025-10-09,핑크 스프링클 도넛,50.27900832067383,51
