date	sku	actual	predicted
2024-01-01	SKU_01	26	28.192013
2024-01-02	SKU_01	24	27.05691
2024-01-03	SKU_01	11	26.02326
2024-01-04	SKU_01	32	25.363644
2024-01-05	SKU_01	38	32.694706
2024-01-06	SKU_01	44	37.381462
2024-01-07	SKU_01	33	37.160957
2024-01-08	SKU_01	36	31.977371
2024-01-09	SKU_01	20	25.238825
2024-01-10	SKU_01	45	49.635323
2024-01-11	SKU_01	25	28.31314
2024-01-12	SKU_01	22	30.13437
2024-01-13	SKU_01	46	45.084175
2024-01-14	SKU_01	44	43.128773
2024-01-15	SKU_01	34	28.622444
2024-01-16	SKU_01	28	28.179836
2024-01-17	SKU_01	31	28.68918
2024-01-18	SKU_01	37	27.6315
2024-01-19	SKU_01	46	47.177402
2024-01-20	SKU_01	55	46.328182
2024-01-21	SKU_01	39	44.386097
2024-01-22	SKU_01	38	35.256145
2024-01-23	SKU_01	31	31.429716
2024-01-24	SKU_01	32	35.368744
2024-01-25	SKU_01	34	29.210884
2024-01-26	SKU_01	25	28.34968
2024-01-27	SKU_01	50	43.98538
2024-01-28	SKU_01	41	41.32426
2024-01-29	SKU_01	35	30.152132
2024-01-30	SKU_01	29	32.28826
2024-01-31	SKU_01	24	30.745327
2024-02-01	SKU_01	26	27.872334
2024-02-02	SKU_01	31	29.127476
2024-02-03	SKU_01	46	37.35792
2024-02-04	SKU_01	48	37.020298
2024-02-05	SKU_01	29	32.612137
2024-02-06	SKU_01	28	32.985744
2024-02-07	SKU_01	27	25.437973
2024-02-08	SKU_01	31	24.644077
2024-02-09	SKU_01	31	27.100859
2024-02-10	SKU_01	46	38.67856
2024-02-11	SKU_01	35	32.29562
2024-02-12	SKU_01	21	26.30626
2024-02-13	SKU_01	36	28.160032
2024-02-14	SKU_01	25	24.707699
2024-02-15	SKU_01	32	26.24786
2024-02-16	SKU_01	26	23.378252
2024-02-17	SKU_01	39	35.2261
2024-02-18	SKU_01	36	29.935629
2024-02-19	SKU_01	32	24.518179
2024-02-20	SKU_01	33	25.504951
2024-02-21	SKU_01	16	24.321358
2024-02-22	SKU_01	25	29.214437
2024-02-23	SKU_01	47	39.948803
2024-02-24	SKU_01	26	30.69549
2024-02-25	SKU_01	30	32.17664
2024-02-26	SKU_01	37	46.485134
2024-02-27	SKU_01	16	24.84864
2024-02-28	SKU_01	18	18.444302
2024-02-29	SKU_01	21	21.224659
2024-03-01	SKU_01	33	41.75664
2024-03-02	SKU_01	33	40.124138
2024-03-03	SKU_01	23	27.612068
2024-03-04	SKU_01	25	24.885542
2024-03-05	SKU_01	22	25.409252
2024-03-06	SKU_01	27	30.388329
2024-03-07	SKU_01	15	19.51741
2024-03-08	SKU_01	21	23.546474
2024-03-09	SKU_01	34	34.48765
2024-03-10	SKU_01	31	30.22549
2024-03-11	SKU_01	24	18.265085
2024-03-12	SKU_01	22	18.921442
2024-03-13	SKU_01	13	21.52162
2024-03-14	SKU_01	17	25.381393
2024-03-15	SKU_01	25	21.216465
2024-03-16	SKU_01	36	29.078897
2024-03-17	SKU_01	33	33.580788
2024-03-18	SKU_01	26	19.135687
2024-03-19	SKU_01	16	26.416
2024-03-20	SKU_01	20	21.609741
2024-03-21	SKU_01	27	21.452682
2024-03-22	SKU_01	32	27.071737
2024-03-23	SKU_01	28	32.966633
2024-03-24	SKU_01	30	35.716736
2024-03-25	SKU_01	41	39.81872
2024-03-26	SKU_01	25	23.669687
2024-03-27	SKU_01	23	24.453812
2024-03-28	SKU_01	33	17.55797
2024-03-29	SKU_01	24	25.448952
2024-03-30	SKU_01	38	35.421124
2024-03-31	SKU_01	36	33.701893
2024-04-01	SKU_01	29	25.753397
2024-04-02	SKU_01	23	27.95591
2024-04-03	SKU_01	30	25.257572
2024-04-04	SKU_01	24	22.084442
2024-04-05	SKU_01	38	31.343632
2024-04-06	SKU_01	36	33.322952
2024-04-07	SKU_01	40	37.8317
2024-04-08	SKU_01	26	29.212225
2024-04-09	SKU_01	27	28.23794
2024-04-10	SKU_01	44	42.452602
2024-04-11	SKU_01	33	25.032042
2024-04-12	SKU_01	36	26.877022
2024-04-13	SKU_01	41	43.04017
2024-04-14	SKU_01	58	52.88939
2024-04-15	SKU_01	29	29.259663
2024-04-16	SKU_01	16	29.416553
2024-04-17	SKU_01	28	28.370144
2024-04-18	SKU_01	31	30.04084
2024-04-19	SKU_01	34	32.652843
2024-04-20	SKU_01	44	36.208305
2024-04-21	SKU_01	44	39.034172
2024-04-22	SKU_01	35	28.971407
2024-04-23	SKU_01	36	28.15337
2024-04-24	SKU_01	26	29.560907
2024-04-25	SKU_01	28	30.64049
2024-04-26	SKU_01	29	28.460915
2024-04-27	SKU_01	46	42.300095
2024-04-28	SKU_01	35	38.752785
2024-04-29	SKU_01	30	32.117134
2024-04-30	SKU_01	25	32.54377
2024-05-01	SKU_01	39	44.979397
2024-05-02	SKU_01	27	26.348652
2024-05-03	SKU_01	28	26.561556
2024-05-04	SKU_01	43	39.316727
2024-05-05	SKU_01	36	38.576916
2024-05-06	SKU_01	26	25.38689
2024-05-07	SKU_01	33	28.304321
2024-05-08	SKU_01	29	28.465101
2024-05-09	SKU_01	24	27.840672
2024-05-10	SKU_01	22	29.140411
2024-05-11	SKU_01	38	37.73915
2024-05-12	SKU_01	36	33.484634
2024-05-13	SKU_01	24	24.854021
2024-05-14	SKU_01	33	24.457317
2024-05-15	SKU_01	42	42.879406
2024-05-16	SKU_01	32	29.477922
2024-05-17	SKU_01	29	27.36867
2024-05-18	SKU_01	29	35.673443
2024-05-19	SKU_01	42	34.3166
2024-05-20	SKU_01	20	26.798353
2024-05-21	SKU_01	20	23.237406
2024-05-22	SKU_01	20	30.24026
2024-05-23	SKU_01	31	25.903822
2024-05-24	SKU_01	26	24.836992
2024-05-25	SKU_01	28	32.534912
2024-05-26	SKU_01	28	35.802288
2024-05-27	SKU_01	29	28.951296
2024-05-28	SKU_01	26	25.658695
2024-05-29	SKU_01	27	28.492262
2024-05-30	SKU_01	26	18.309017
2024-05-31	SKU_01	30	25.073444
2024-06-01	SKU_01	32	31.32576
2024-06-02	SKU_01	33	28.188635
2024-06-03	SKU_01	16	18.33926
2024-06-04	SKU_01	14	21.079704
2024-06-05	SKU_01	23	22.475733
2024-06-06	SKU_01	32	43.348366
2024-06-07	SKU_01	26	22.146845
2024-06-08	SKU_01	38	31.87578
2024-06-09	SKU_01	25	29.617409
2024-06-10	SKU_01	38	43.564423
2024-06-11	SKU_01	31	25.780342
2024-06-12	SKU_01	21	16.251232
2024-06-13	SKU_01	20	21.917725
2024-06-14	SKU_01	28	17.009176
2024-06-15	SKU_01	30	31.75444
2024-06-16	SKU_01	35	32.10367
2024-06-17	SKU_01	38	37.76308
2024-06-18	SKU_01	20	23.590347
2024-06-19	SKU_01	38	40.33892
2024-06-20	SKU_01	24	22.864607
2024-06-21	SKU_01	25	22.614101
2024-06-22	SKU_01	34	33.682213
2024-06-23	SKU_01	36	36.710896
2024-06-24	SKU_01	25	23.682335
2024-06-25	SKU_01	25	25.7706
2024-06-26	SKU_01	25	25.488455
2024-06-27	SKU_01	47	44.409878
2024-06-28	SKU_01	29	23.627403
2024-06-29	SKU_01	38	36.08418
2024-06-30	SKU_01	31	35.171
2024-01-01	SKU_02	28	33.436203
2024-01-02	SKU_02	21	26.13293
2024-01-03	SKU_02	25	31.164669
2024-01-04	SKU_02	26	31.096258
2024-01-05	SKU_02	29	32.511074
2024-01-06	SKU_02	51	42.674713
2024-01-07	SKU_02	38	43.86124
2024-01-08	SKU_02	32	33.668266
2024-01-09	SKU_02	31	34.361656
2024-01-10	SKU_02	26	32.051067
2024-01-11	SKU_02	37	30.747982
2024-01-12	SKU_02	31	32.143394
2024-01-13	SKU_02	37	43.930798
2024-01-14	SKU_02	62	60.967945
2024-01-15	SKU_02	40	49.02193
2024-01-16	SKU_02	29	34.46096
2024-01-17	SKU_02	36	36.239326
2024-01-18	SKU_02	31	33.543404
2024-01-19	SKU_02	41	33.534637
2024-01-20	SKU_02	48	48.45418
2024-01-21	SKU_02	40	45.20081
2024-01-22	SKU_02	36	35.31386
2024-01-23	SKU_02	31	36.426033
2024-01-24	SKU_02	38	35.425854
2024-01-25	SKU_02	53	48.257652
2024-01-26	SKU_02	30	31.04217
2024-01-27	SKU_02	42	44.85588
2024-01-28	SKU_02	41	44.90423
2024-01-29	SKU_02	34	33.335327
2024-01-30	SKU_02	37	33.92371
2024-01-31	SKU_02	34	31.942366
2024-02-01	SKU_02	42	35.309464
2024-02-02	SKU_02	23	34.406963
2024-02-03	SKU_02	30	44.531784
2024-02-04	SKU_02	38	45.032642
2024-02-05	SKU_02	25	33.023197
2024-02-06	SKU_02	35	31.723526
2024-02-07	SKU_02	34	31.620913
2024-02-08	SKU_02	39	47.47213
2024-02-09	SKU_02	31	29.919605
2024-02-10	SKU_02	38	43.122505
2024-02-11	SKU_02	46	40.774437
2024-02-12	SKU_02	35	30.92765
2024-02-13	SKU_02	35	28.01311
2024-02-14	SKU_02	21	27.932888
2024-02-15	SKU_02	25	30.854803
2024-02-16	SKU_02	34	30.76631
2024-02-17	SKU_02	43	41.50886
2024-02-18	SKU_02	39	38.98842
2024-02-19	SKU_02	26	30.98895
2024-02-20	SKU_02	40	50.971916
2024-02-21	SKU_02	24	28.545782
2024-02-22	SKU_02	29	32.02554
2024-02-23	SKU_02	26	26.26726
2024-02-24	SKU_02	29	38.764153
2024-02-25	SKU_02	42	38.808144
2024-02-26	SKU_02	29	31.050781
2024-02-27	SKU_02	21	27.873873
2024-02-28	SKU_02	16	27.19403
2024-02-29	SKU_02	50	38.57369
2024-03-01	SKU_02	21	27.666866
2024-03-02	SKU_02	40	36.04523
2024-03-03	SKU_02	30	34.60097
2024-03-04	SKU_02	11	24.49039
2024-03-05	SKU_02	32	24.924185
2024-03-06	SKU_02	27	23.843603
2024-03-07	SKU_02	22	26.787252
2024-03-08	SKU_02	26	23.721556
2024-03-09	SKU_02	37	29.895882
2024-03-10	SKU_02	32	36.44457
2024-03-11	SKU_02	46	42.343513
2024-03-12	SKU_02	35	23.836
2024-03-13	SKU_02	37	27.432789
2024-03-14	SKU_02	34	24.33669
2024-03-15	SKU_02	30	26.909773
2024-03-16	SKU_02	42	34.124466
2024-03-17	SKU_02	40	35.95672
2024-03-18	SKU_02	18	25.830969
2024-03-19	SKU_02	44	39.646034
2024-03-20	SKU_02	33	28.155725
2024-03-21	SKU_02	22	25.016653
2024-03-22	SKU_02	20	24.53414
2024-03-23	SKU_02	42	42.1263
2024-03-24	SKU_02	31	35.3859
2024-03-25	SKU_02	27	31.01036
2024-03-26	SKU_02	33	28.028818
2024-03-27	SKU_02	33	30.235907
2024-03-28	SKU_02	28	27.69729
2024-03-29	SKU_02	22	30.084011
2024-03-30	SKU_02	42	43.520298
2024-03-31	SKU_02	30	41.202827
2024-04-01	SKU_02	26	28.146343
2024-04-02	SKU_02	33	28.815763
2024-04-03	SKU_02	32	30.95748
2024-04-04	SKU_02	35	32.2778
2024-04-05	SKU_02	39	31.492622
2024-04-06	SKU_02	41	42.35633
2024-04-07	SKU_02	53	40.307396
2024-04-08	SKU_02	34	30.780863
2024-04-09	SKU_02	32	32.92739
2024-04-10	SKU_02	34	28.73977
2024-04-11	SKU_02	38	37.056477
2024-04-12	SKU_02	32	27.621231
2024-04-13	SKU_02	36	39.73504
2024-04-14	SKU_02	46	45.93663
2024-04-15	SKU_02	52	51.74596
2024-04-16	SKU_02	38	30.841463
2024-04-17	SKU_02	38	32.73625
2024-04-18	SKU_02	35	33.157578
2024-04-19	SKU_02	31	39.833164
2024-04-20	SKU_02	48	45.64962
2024-04-21	SKU_02	36	44.465607
2024-04-22	SKU_02	36	39.189926
2024-04-23	SKU_02	30	32.160355
2024-04-24	SKU_02	37	40.235596
2024-04-25	SKU_02	41	34.75883
2024-04-26	SKU_02	40	33.399994
2024-04-27	SKU_02	46	43.363605
2024-04-28	SKU_02	40	43.86627
2024-04-29	SKU_02	37	37.42337
2024-04-30	SKU_02	35	35.265854
2024-05-01	SKU_02	37	34.622562
2024-05-02	SKU_02	35	35.60248
2024-05-03	SKU_02	34	34.90499
2024-05-04	SKU_02	39	41.633156
2024-05-05	SKU_02	43	45.426765
2024-05-06	SKU_02	30	36.992767
2024-05-07	SKU_02	33	31.845598
2024-05-08	SKU_02	29	36.62389
2024-05-09	SKU_02	30	30.711712
2024-05-10	SKU_02	36	31.701136
2024-05-11	SKU_02	43	42.77196
2024-05-12	SKU_02	55	43.042686
2024-05-13	SKU_02	35	31.911903
2024-05-14	SKU_02	27	25.97658
2024-05-15	SKU_02	30	32.897316
2024-05-16	SKU_02	22	32.332302
2024-05-17	SKU_02	32	32.57209
2024-05-18	SKU_02	38	43.567955
2024-05-19	SKU_02	43	39.785786
2024-05-20	SKU_02	26	32.23691
2024-05-21	SKU_02	35	32.541553
2024-05-22	SKU_02	22	31.579737
2024-05-23	SKU_02	24	32.717575
2024-05-24	SKU_02	39	43.13858
2024-05-25	SKU_02	40	39.835155
2024-05-26	SKU_02	32	34.423317
2024-05-27	SKU_02	23	31.331457
2024-05-28	SKU_02	12	23.247864
2024-05-29	SKU_02	23	30.146544
2024-05-30	SKU_02	17	27.588053
2024-05-31	SKU_02	24	22.33589
2024-06-01	SKU_02	44	38.994923
2024-06-02	SKU_02	41	39.74486
2024-06-03	SKU_02	25	25.245605
2024-06-04	SKU_02	18	26.040247
2024-06-05	SKU_02	31	26.43163
2024-06-06	SKU_02	18	27.983355
2024-06-07	SKU_02	24	28.989902
2024-06-08	SKU_02	26	36.86984
2024-06-09	SKU_02	25	35.7412
2024-06-10	SKU_02	27	31.332891
2024-06-11	SKU_02	28	27.559631
2024-06-12	SKU_02	43	44.84267
2024-06-13	SKU_02	17	24.733202
2024-06-14	SKU_02	35	28.003801
2024-06-15	SKU_02	33	38.439957
2024-06-16	SKU_02	31	38.444004
2024-06-17	SKU_02	20	23.835028
2024-06-18	SKU_02	31	32.20866
2024-06-19	SKU_02	27	29.987413
2024-06-20	SKU_02	27	28.242626
2024-06-21	SKU_02	20	27.138964
2024-06-22	SKU_02	54	56.145706
2024-06-23	SKU_02	35	39.48059
2024-06-24	SKU_02	24	27.60513
2024-06-25	SKU_02	52	44.027798
2024-06-26	SKU_02	28	30.658606
2024-06-27	SKU_02	34	30.177137
2024-06-28	SKU_02	23	31.8488
2024-06-29	SKU_02	42	42.969746
2024-06-30	SKU_02	38	45.13106
2024-01-01	SKU_03	49	56.183308
2024-01-02	SKU_03	48	51.238125
2024-01-03	SKU_03	60	51.78938
2024-01-04	SKU_03	56	55.921223
2024-01-05	SKU_03	47	55.40259
2024-01-06	SKU_03	71	64.60225
2024-01-07	SKU_03	57	64.42027
2024-01-08	SKU_03	48	56.06564
2024-01-09	SKU_03	57	55.57273
2024-01-10	SKU_03	55	51.27973
2024-01-11	SKU_03	63	59.964573
2024-01-12	SKU_03	45	56.868538
2024-01-13	SKU_03	82	67.19828
2024-01-14	SKU_03	70	69.98868
2024-01-15	SKU_03	58	62.008404
2024-01-16	SKU_03	62	56.555763
2024-01-17	SKU_03	69	72.26592
2024-01-18	SKU_03	60	57.856083
2024-01-19	SKU_03	57	57.29484
2024-01-20	SKU_03	62	69.35409
2024-01-21	SKU_03	68	67.80636
2024-01-22	SKU_03	60	62.65685
2024-01-23	SKU_03	58	56.69318
2024-01-24	SKU_03	74	68.05153
2024-01-25	SKU_03	66	59.2769
2024-01-26	SKU_03	58	61.75099
2024-01-27	SKU_03	68	69.011696
2024-01-28	SKU_03	63	68.14021
2024-01-29	SKU_03	57	59.747345
2024-01-30	SKU_03	60	60.195286
2024-01-31	SKU_03	55	64.71048
2024-02-01	SKU_03	63	58.60312
2024-02-02	SKU_03	71	75.08844
2024-02-03	SKU_03	70	68.82715
2024-02-04	SKU_03	63	66.11258
2024-02-05	SKU_03	55	57.256546
2024-02-06	SKU_03	62	55.474518
2024-02-07	SKU_03	52	51.268074
2024-02-08	SKU_03	64	57.986526
2024-02-09	SKU_03	58	55.558197
2024-02-10	SKU_03	73	64.4046
2024-02-11	SKU_03	83	77.93861
2024-02-12	SKU_03	56	55.742954
2024-02-13	SKU_03	61	58.050213
2024-02-14	SKU_03	56	56.49149
2024-02-15	SKU_03	59	54.773304
2024-02-16	SKU_03	52	53.68177
2024-02-17	SKU_03	78	78.037254
2024-02-18	SKU_03	61	64.21527
2024-02-19	SKU_03	44	50.810127
2024-02-20	SKU_03	60	52.60614
2024-02-21	SKU_03	58	50.12183
2024-02-22	SKU_03	50	54.757904
2024-02-23	SKU_03	41	46.089256
2024-02-24	SKU_03	71	62.858963
2024-02-25	SKU_03	63	63.24327
2024-02-26	SKU_03	54	55.370502
2024-02-27	SKU_03	55	52.949017
2024-02-28	SKU_03	51	53.029976
2024-02-29	SKU_03	56	49.417534
2024-03-01	SKU_03	58	46.28815
2024-03-02	SKU_03	61	57.910423
2024-03-03	SKU_03	55	56.80133
2024-03-04	SKU_03	54	56.55003
2024-03-05	SKU_03	53	49.93693
2024-03-06	SKU_03	52	52.13935
2024-03-07	SKU_03	48	50.806572
2024-03-08	SKU_03	49	46.83131
2024-03-09	SKU_03	55	64.805786
2024-03-10	SKU_03	59	56.845333
2024-03-11	SKU_03	55	56.6523
2024-03-12	SKU_03	53	45.910233
2024-03-13	SKU_03	46	50.61279
2024-03-14	SKU_03	48	50.073933
2024-03-15	SKU_03	50	47.751644
2024-03-16	SKU_03	52	67.53727
2024-03-17	SKU_03	56	62.782246
2024-03-18	SKU_03	62	51.28951
2024-03-19	SKU_03	60	44.22099
2024-03-20	SKU_03	52	47.272
2024-03-21	SKU_03	47	53.65375
2024-03-22	SKU_03	53	48.02991
2024-03-23	SKU_03	57	64.10529
2024-03-24	SKU_03	66	60.947407
2024-03-25	SKU_03	52	51.592606
2024-03-26	SKU_03	43	54.012947
2024-03-27	SKU_03	58	50.38052
2024-03-28	SKU_03	63	55.1439
2024-03-29	SKU_03	49	52.27466
2024-03-30	SKU_03	67	63.079735
2024-03-31	SKU_03	67	62.39529
2024-04-01	SKU_03	56	52.23419
2024-04-02	SKU_03	59	54.112297
2024-04-03	SKU_03	56	52.66403
2024-04-04	SKU_03	55	51.52651
2024-04-05	SKU_03	57	53.56355
2024-04-06	SKU_03	82	78.89921
2024-04-07	SKU_03	83	76.27909
2024-04-08	SKU_03	50	52.09398
2024-04-09	SKU_03	63	59.6323
2024-04-10	SKU_03	57	55.031273
2024-04-11	SKU_03	59	61.28985
2024-04-12	SKU_03	59	52.568085
2024-04-13	SKU_03	86	79.96428
2024-04-14	SKU_03	82	67.913925
2024-04-15	SKU_03	46	62.966866
2024-04-16	SKU_03	76	67.93109
2024-04-17	SKU_03	64	60.218464
2024-04-18	SKU_03	60	58.14796
2024-04-19	SKU_03	50	60.342064
2024-04-20	SKU_03	66	73.40971
2024-04-21	SKU_03	74	67.627884
2024-04-22	SKU_03	52	60.489124
2024-04-23	SKU_03	44	60.7053
2024-04-24	SKU_03	62	56.74233
2024-04-25	SKU_03	66	55.198887
2024-04-26	SKU_03	57	56.631588
2024-04-27	SKU_03	79	79.183136
2024-04-28	SKU_03	69	66.10305
2024-04-29	SKU_03	52	61.199894
2024-04-30	SKU_03	63	52.83658
2024-05-01	SKU_03	58	59.17588
2024-05-02	SKU_03	64	61.393803
2024-05-03	SKU_03	60	61.41428
2024-05-04	SKU_03	75	65.86674
2024-05-05	SKU_03	64	66.17111
2024-05-06	SKU_03	58	59.552826
2024-05-07	SKU_03	63	55.652718
2024-05-08	SKU_03	53	54.03634
2024-05-09	SKU_03	60	55.380028
2024-05-10	SKU_03	59	55.10896
2024-05-11	SKU_03	65	65.440575
2024-05-12	SKU_03	61	62.87914
2024-05-13	SKU_03	51	56.831352
2024-05-14	SKU_03	54	56.621067
2024-05-15	SKU_03	56	55.92716
2024-05-16	SKU_03	50	54.19809
2024-05-17	SKU_03	53	52.66571
2024-05-18	SKU_03	66	64.757675
2024-05-19	SKU_03	69	64.064
2024-05-20	SKU_03	54	55.024723
2024-05-21	SKU_03	58	51.72936
2024-05-22	SKU_03	48	57.28847
2024-05-23	SKU_03	59	51.60192
2024-05-24	SKU_03	55	52.273182
2024-05-25	SKU_03	71	78.24553
2024-05-26	SKU_03	90	81.01903
2024-05-27	SKU_03	48	57.7476
2024-05-28	SKU_03	55	51.293343
2024-05-29	SKU_03	51	46.72643
2024-05-30	SKU_03	53	51.62914
2024-05-31	SKU_03	49	53.784134
2024-06-01	SKU_03	61	62.963707
2024-06-02	SKU_03	57	55.373074
2024-06-03	SKU_03	47	52.649868
2024-06-04	SKU_03	48	48.66456
2024-06-05	SKU_03	52	52.405586
2024-06-06	SKU_03	59	48.778427
2024-06-07	SKU_03	52	48.220215
2024-06-08	SKU_03	75	61.12972
2024-06-09	SKU_03	56	65.09348
2024-06-10	SKU_03	50	55.916367
2024-06-11	SKU_03	46	51.38766
2024-06-12	SKU_03	57	46.662506
2024-06-13	SKU_03	62	51.233315
2024-06-14	SKU_03	53	50.87173
2024-06-15	SKU_03	64	63.024624
2024-06-16	SKU_03	51	61.843014
2024-06-17	SKU_03	59	54.024704
2024-06-18	SKU_03	55	51.914055
2024-06-19	SKU_03	46	52.511734
2024-06-20	SKU_03	54	55.620472
2024-06-21	SKU_03	56	54.309032
2024-06-22	SKU_03	80	81.21468
2024-06-23	SKU_03	62	65.60252
2024-06-24	SKU_03	55	53.77161
2024-06-25	SKU_03	65	54.71061
2024-06-26	SKU_03	61	55.944626
2024-06-27	SKU_03	56	55.797585
2024-06-28	SKU_03	56	54.55664
2024-06-29	SKU_03	72	81.80922
2024-06-30	SKU_03	69	66.58517
2024-01-01	SKU_04	18	24.232824
2024-01-02	SKU_04	19	24.909018
2024-01-03	SKU_04	20	18.587852
2024-01-04	SKU_04	41	43.2681
2024-01-05	SKU_04	12	23.31576
2024-01-06	SKU_04	31	32.18178
2024-01-07	SKU_04	32	33.49867
2024-01-08	SKU_04	25	27.254404
2024-01-09	SKU_04	17	24.785944
2024-01-10	SKU_04	36	44.78229
2024-01-11	SKU_04	24	28.46786
2024-01-12	SKU_04	29	27.468317
2024-01-13	SKU_04	30	35.437344
2024-01-14	SKU_04	33	34.08972
2024-01-15	SKU_04	26	27.773157
2024-01-16	SKU_04	34	28.575094
2024-01-17	SKU_04	21	23.565042
2024-01-18	SKU_04	37	22.807384
2024-01-19	SKU_04	28	28.324305
2024-01-20	SKU_04	35	38.911945
2024-01-21	SKU_04	29	33.87064
2024-01-22	SKU_04	18	29.861551
2024-01-23	SKU_04	20	28.185936
2024-01-24	SKU_04	25	27.23299
2024-01-25	SKU_04	19	25.727787
2024-01-26	SKU_04	19	26.676939
2024-01-27	SKU_04	40	41.60332
2024-01-28	SKU_04	33	36.68911
2024-01-29	SKU_04	27	22.629534
2024-01-30	SKU_04	24	24.204103
2024-01-31	SKU_04	19	23.514389
2024-02-01	SKU_04	22	25.477047
2024-02-02	SKU_04	22	25.920044
2024-02-03	SKU_04	35	33.31632
2024-02-04	SKU_04	32	33.752575
2024-02-05	SKU_04	32	29.719982
2024-02-06	SKU_04	20	22.14793
2024-02-07	SKU_04	31	25.782566
2024-02-08	SKU_04	42	39.93577
2024-02-09	SKU_04	20	24.887995
2024-02-10	SKU_04	38	32.09211
2024-02-11	SKU_04	30	30.778378
2024-02-12	SKU_04	21	20.54035
2024-02-13	SKU_04	20	23.330027
2024-02-14	SKU_04	17	24.720505
2024-02-15	SKU_04	24	23.417925
2024-02-16	SKU_04	12	25.65408
2024-02-17	SKU_04	33	31.419195
2024-02-18	SKU_04	35	31.245785
2024-02-19	SKU_04	21	20.93025
2024-02-20	SKU_04	20	20.45886
2024-02-21	SKU_04	2	16.849098
2024-02-22	SKU_04	17	24.063852
2024-02-23	SKU_04	26	18.044733
2024-02-24	SKU_04	32	34.065
2024-02-25	SKU_04	27	32.55799
2024-02-26	SKU_04	27	25.709517
2024-02-27	SKU_04	13	21.67342
2024-02-28	SKU_04	23	16.789066
2024-02-29	SKU_04	23	14.664193
2024-03-01	SKU_04	16	18.27634
2024-03-02	SKU_04	23	30.544502
2024-03-03	SKU_04	21	26.266493
2024-03-04	SKU_04	34	24.815525
2024-03-05	SKU_04	23	17.910395
2024-03-06	SKU_04	24	16.752352
2024-03-07	SKU_04	12	15.732439
2024-03-08	SKU_04	19	16.164309
2024-03-09	SKU_04	27	26.82052
2024-03-10	SKU_04	33	30.366255
2024-03-11	SKU_04	32	38.551796
2024-03-12	SKU_04	14	17.612724
2024-03-13	SKU_04	25	16.849405
2024-03-14	SKU_04	30	35.33495
2024-03-15	SKU_04	44	29.977383
2024-03-16	SKU_04	34	25.225924
2024-03-17	SKU_04	30	28.71982
2024-03-18	SKU_04	25	21.591026
2024-03-19	SKU_04	21	13.588514
2024-03-20	SKU_04	15	20.258593
2024-03-21	SKU_04	24	18.460506
2024-03-22	SKU_04	20	20.043262
2024-03-23	SKU_04	36	31.930077
2024-03-24	SKU_04	27	29.256525
2024-03-25	SKU_04	17	22.161133
2024-03-26	SKU_04	27	40.095905
2024-03-27	SKU_04	21	19.014587
2024-03-28	SKU_04	31	25.649881
2024-03-29	SKU_04	21	24.314034
2024-03-30	SKU_04	33	31.086798
2024-03-31	SKU_04	33	34.0364
2024-04-01	SKU_04	23	24.297005
2024-04-02	SKU_04	21	21.421873
2024-04-03	SKU_04	26	22.888878
2024-04-04	SKU_04	23	22.423384
2024-04-05	SKU_04	24	21.443714
2024-04-06	SKU_04	31	31.769432
2024-04-07	SKU_04	42	37.86899
2024-04-08	SKU_04	21	23.806356
2024-04-09	SKU_04	28	26.85298
2024-04-10	SKU_04	35	40.320362
2024-04-11	SKU_04	25	24.163614
2024-04-12	SKU_04	21	23.760168
2024-04-13	SKU_04	40	37.8113
2024-04-14	SKU_04	47	35.08871
2024-04-15	SKU_04	27	28.77988
2024-04-16	SKU_04	27	28.337929
2024-04-17	SKU_04	24	26.157248
2024-04-18	SKU_04	28	27.215988
2024-04-19	SKU_04	26	25.21492
2024-04-20	SKU_04	30	35.14134
2024-04-21	SKU_04	32	34.364983
2024-04-22	SKU_04	23	28.09638
2024-04-23	SKU_04	21	28.101513
2024-04-24	SKU_04	26	27.048416
2024-04-25	SKU_04	30	26.752228
2024-04-26	SKU_04	41	38.013145
2024-04-27	SKU_04	34	37.172066
2024-04-28	SKU_04	37	39.87636
2024-04-29	SKU_04	48	44.329704
2024-04-30	SKU_04	31	28.253027
2024-05-01	SKU_04	26	27.57475
2024-05-02	SKU_04	34	39.401455
2024-05-03	SKU_04	32	26.294382
2024-05-04	SKU_04	60	47.691486
2024-05-05	SKU_04	34	31.47452
2024-05-06	SKU_04	25	25.874962
2024-05-07	SKU_04	29	25.058586
2024-05-08	SKU_04	28	21.714523
2024-05-09	SKU_04	31	37.009323
2024-05-10	SKU_04	35	26.841429
2024-05-11	SKU_04	31	32.18716
2024-05-12	SKU_04	36	28.16546
2024-05-13	SKU_04	21	24.121939
2024-05-14	SKU_04	27	20.620749
2024-05-15	SKU_04	24	23.953114
2024-05-16	SKU_04	40	34.32029
2024-05-17	SKU_04	18	23.277205
2024-05-18	SKU_04	41	30.392902
2024-05-19	SKU_04	28	35.73686
2024-05-20	SKU_04	24	23.08717
2024-05-21	SKU_04	22	18.981981
2024-05-22	SKU_04	31	20.747507
2024-05-23	SKU_04	16	12.252188
2024-05-24	SKU_04	17	19.973793
2024-05-25	SKU_04	49	49.60449
2024-05-26	SKU_04	34	32.032326
2024-05-27	SKU_04	19	14.640605
2024-05-28	SKU_04	14	16.901821
2024-05-29	SKU_04	41	34.032345
2024-05-30	SKU_04	11	17.568445
2024-05-31	SKU_04	17	14.046844
2024-06-01	SKU_04	36	24.113668
2024-06-02	SKU_04	37	24.363602
2024-06-03	SKU_04	29	17.8045
2024-06-04	SKU_04	16	16.679474
2024-06-05	SKU_04	23	20.18931
2024-06-06	SKU_04	16	9.863736
2024-06-07	SKU_04	15	18.93923
2024-06-08	SKU_04	27	24.22014
2024-06-09	SKU_04	38	49.60739
2024-06-10	SKU_04	36	39.89909
2024-06-11	SKU_04	24	18.955362
2024-06-12	SKU_04	31	33.085495
2024-06-13	SKU_04	13	21.464817
2024-06-14	SKU_04	24	20.0019
2024-06-15	SKU_04	34	27.497225
2024-06-16	SKU_04	28	25.249247
2024-06-17	SKU_04	16	21.842943
2024-06-18	SKU_04	37	31.01375
2024-06-19	SKU_04	32	21.892052
2024-06-20	SKU_04	26	22.405046
2024-06-21	SKU_04	14	17.88995
2024-06-22	SKU_04	19	28.321764
2024-06-23	SKU_04	49	50.573025
2024-06-24	SKU_04	10	15.052016
2024-06-25	SKU_04	19	22.510555
2024-06-26	SKU_04	21	21.837383
2024-06-27	SKU_04	22	21.165302
2024-06-28	SKU_04	17	22.588915
2024-06-29	SKU_04	50	50.490795
2024-06-30	SKU_04	56	47.465706
2024-01-01	SKU_05	61	55.33817
2024-01-02	SKU_05	56	51.20168
2024-01-03	SKU_05	55	53.98453
2024-01-04	SKU_05	57	52.569885
2024-01-05	SKU_05	59	54.707424
2024-01-06	SKU_05	63	68.00801
2024-01-07	SKU_05	64	66.171165
2024-01-08	SKU_05	77	67.24554
2024-01-09	SKU_05	58	57.182945
2024-01-10	SKU_05	59	51.65049
2024-01-11	SKU_05	70	65.317154
2024-01-12	SKU_05	53	55.234764
2024-01-13	SKU_05	72	69.602
2024-01-14	SKU_05	80	82.897194
2024-01-15	SKU_05	60	57.98564
2024-01-16	SKU_05	54	56.497284
2024-01-17	SKU_05	53	58.694397
2024-01-18	SKU_05	57	60.826244
2024-01-19	SKU_05	58	58.441143
2024-01-20	SKU_05	59	71.25603
2024-01-21	SKU_05	92	80.16912
2024-01-22	SKU_05	70	54.495403
2024-01-23	SKU_05	53	57.53423
2024-01-24	SKU_05	62	64.47439
2024-01-25	SKU_05	61	55.134716
2024-01-26	SKU_05	55	58.791393
2024-01-27	SKU_05	62	65.12123
2024-01-28	SKU_05	73	69.98464
2024-01-29	SKU_05	75	73.15095
2024-01-30	SKU_05	64	54.835766
2024-01-31	SKU_05	55	58.146465
2024-02-01	SKU_05	56	52.64196
2024-02-02	SKU_05	54	59.099834
2024-02-03	SKU_05	65	66.5451
2024-02-04	SKU_05	66	64.107
2024-02-05	SKU_05	58	53.582466
2024-02-06	SKU_05	62	55.307896
2024-02-07	SKU_05	49	53.76396
2024-02-08	SKU_05	61	55.624947
2024-02-09	SKU_05	52	52.7052
2024-02-10	SKU_05	61	62.093792
2024-02-11	SKU_05	67	63.172062
2024-02-12	SKU_05	42	53.62471
2024-02-13	SKU_05	59	52.8858
2024-02-14	SKU_05	56	53.889313
2024-02-15	SKU_05	49	51.537094
2024-02-16	SKU_05	59	52.61469
2024-02-17	SKU_05	76	78.93922
2024-02-18	SKU_05	68	62.905663
2024-02-19	SKU_05	53	57.719013
2024-02-20	SKU_05	53	51.24596
2024-02-21	SKU_05	47	50.13372
2024-02-22	SKU_05	48	48.64532
2024-02-23	SKU_05	47	51.201363
2024-02-24	SKU_05	59	59.75415
2024-02-25	SKU_05	61	59.52695
2024-02-26	SKU_05	46	52.522385
2024-02-27	SKU_05	52	48.594036
2024-02-28	SKU_05	54	49.898804
2024-02-29	SKU_05	51	48.35957
2024-03-01	SKU_05	48	46.04434
2024-03-02	SKU_05	70	62.956852
2024-03-03	SKU_05	65	58.98615
2024-03-04	SKU_05	60	65.448975
2024-03-05	SKU_05	42	47.437286
2024-03-06	SKU_05	48	47.85096
2024-03-07	SKU_05	49	46.073105
2024-03-08	SKU_05	60	55.8271
2024-03-09	SKU_05	66	78.305695
2024-03-10	SKU_05	49	53.297115
2024-03-11	SKU_05	50	48.070065
2024-03-12	SKU_05	48	47.046043
2024-03-13	SKU_05	48	46.533424
2024-03-14	SKU_05	49	44.121765
2024-03-15	SKU_05	53	52.879772
2024-03-16	SKU_05	58	58.46869
2024-03-17	SKU_05	72	72.81087
2024-03-18	SKU_05	50	49.506145
2024-03-19	SKU_05	47	46.817852
2024-03-20	SKU_05	51	50.06835
2024-03-21	SKU_05	49	50.287777
2024-03-22	SKU_05	56	49.67579
2024-03-23	SKU_05	61	57.74626
2024-03-24	SKU_05	81	73.8022
2024-03-25	SKU_05	52	47.901306
2024-03-26	SKU_05	51	53.19434
2024-03-27	SKU_05	63	49.580948
2024-03-28	SKU_05	69	72.60626
2024-03-29	SKU_05	45	54.657845
2024-03-30	SKU_05	54	64.19561
2024-03-31	SKU_05	68	64.75596
2024-04-01	SKU_05	54	55.418312
2024-04-02	SKU_05	58	53.225433
2024-04-03	SKU_05	55	55.01586
2024-04-04	SKU_05	63	57.24854
2024-04-05	SKU_05	60	52.202007
2024-04-06	SKU_05	64	61.843273
2024-04-07	SKU_05	65	63.3423
2024-04-08	SKU_05	50	52.121845
2024-04-09	SKU_05	50	57.45058
2024-04-10	SKU_05	43	58.09559
2024-04-11	SKU_05	59	57.34334
2024-04-12	SKU_05	54	52.18945
2024-04-13	SKU_05	71	69.82805
2024-04-14	SKU_05	59	65.289406
2024-04-15	SKU_05	53	59.494183
2024-04-16	SKU_05	60	53.725243
2024-04-17	SKU_05	58	63.000896
2024-04-18	SKU_05	55	56.334515
2024-04-19	SKU_05	59	59.52883
2024-04-20	SKU_05	70	67.34641
2024-04-21	SKU_05	70	68.98802
2024-04-22	SKU_05	59	60.072483
2024-04-23	SKU_05	64	59.621723
2024-04-24	SKU_05	70	68.21781
2024-04-25	SKU_05	52	54.47818
2024-04-26	SKU_05	59	57.67924
2024-04-27	SKU_05	70	64.6727
2024-04-28	SKU_05	75	80.27869
2024-04-29	SKU_05	77	66.41822
2024-04-30	SKU_05	59	61.5177
2024-05-01	SKU_05	66	61.803917
2024-05-02	SKU_05	56	60.329277
2024-05-03	SKU_05	44	56.447994
2024-05-04	SKU_05	60	66.08743
2024-05-05	SKU_05	63	68.42154
2024-05-06	SKU_05	60	58.83871
2024-05-07	SKU_05	55	53.85277
2024-05-08	SKU_05	70	54.643646
2024-05-09	SKU_05	49	52.86454
2024-05-10	SKU_05	50	52.398296
2024-05-11	SKU_05	61	60.67751
2024-05-12	SKU_05	67	61.72269
2024-05-13	SKU_05	50	55.426632
2024-05-14	SKU_05	54	52.97602
2024-05-15	SKU_05	50	51.067017
2024-05-16	SKU_05	41	56.68925
2024-05-17	SKU_05	54	51.166843
2024-05-18	SKU_05	68	66.259766
2024-05-19	SKU_05	84	84.32404
2024-05-20	SKU_05	63	53.21767
2024-05-21	SKU_05	50	53.427853
2024-05-22	SKU_05	43	53.041294
2024-05-23	SKU_05	49	52.658386
2024-05-24	SKU_05	60	50.072617
2024-05-25	SKU_05	71	77.69127
2024-05-26	SKU_05	65	60.446125
2024-05-27	SKU_05	51	53.646503
2024-05-28	SKU_05	57	73.3606
2024-05-29	SKU_05	39	48.191837
2024-05-30	SKU_05	65	70.552475
2024-05-31	SKU_05	60	51.099716
2024-06-01	SKU_05	65	61.580776
2024-06-02	SKU_05	55	56.620674
2024-06-03	SKU_05	50	51.014343
2024-06-04	SKU_05	53	51.765404
2024-06-05	SKU_05	53	48.52646
2024-06-06	SKU_05	43	47.104485
2024-06-07	SKU_05	47	45.089813
2024-06-08	SKU_05	63	60.93082
2024-06-09	SKU_05	66	62.09546
2024-06-10	SKU_05	47	44.784817
2024-06-11	SKU_05	61	65.808624
2024-06-12	SKU_05	50	43.39631
2024-06-13	SKU_05	51	48.439056
2024-06-14	SKU_05	45	46.24806
2024-06-15	SKU_05	59	59.18669
2024-06-16	SKU_05	72	75.78722
2024-06-17	SKU_05	65	49.627834
2024-06-18	SKU_05	52	50.112286
2024-06-19	SKU_05	56	49.21276
2024-06-20	SKU_05	49	42.4245
2024-06-21	SKU_05	55	46.46811
2024-06-22	SKU_05	55	66.59073
2024-06-23	SKU_05	70	62.65261
2024-06-24	SKU_05	48	44.823387
2024-06-25	SKU_05	49	52.797733
2024-06-26	SKU_05	48	53.103012
2024-06-27	SKU_05	63	51.20244
2024-06-28	SKU_05	81	70.54452
2024-06-29	SKU_05	55	62.10298
2024-06-30	SKU_05	50	62.40732
2024-01-01	SKU_06	32	35.987354
2024-01-02	SKU_06	41	47.310276
2024-01-03	SKU_06	33	34.325893
2024-01-04	SKU_06	35	36.999245
2024-01-05	SKU_06	33	38.311237
2024-01-06	SKU_06	45	43.65074
2024-01-07	SKU_06	34	46.96431
2024-01-08	SKU_06	39	34.725227
2024-01-09	SKU_06	38	35.916157
2024-01-10	SKU_06	40	40.107655
2024-01-11	SKU_06	32	39.060356
2024-01-12	SKU_06	38	40.286106
2024-01-13	SKU_06	49	51.181965
2024-01-14	SKU_06	45	43.573017
2024-01-15	SKU_06	34	37.578373
2024-01-16	SKU_06	31	38.839672
2024-01-17	SKU_06	50	37.52044
2024-01-18	SKU_06	36	39.477722
2024-01-19	SKU_06	41	37.841278
2024-01-20	SKU_06	55	49.20598
2024-01-21	SKU_06	57	47.580452
2024-01-22	SKU_06	36	42.757694
2024-01-23	SKU_06	29	36.356983
2024-01-24	SKU_06	36	34.91422
2024-01-25	SKU_06	40	38.424904
2024-01-26	SKU_06	33	39.293095
2024-01-27	SKU_06	59	49.804604
2024-01-28	SKU_06	51	52.31719
2024-01-29	SKU_06	40	41.87062
2024-01-30	SKU_06	39	34.511154
2024-01-31	SKU_06	42	38.350006
2024-02-01	SKU_06	41	36.844822
2024-02-02	SKU_06	36	36.689102
2024-02-03	SKU_06	34	47.25661
2024-02-04	SKU_06	47	47.649174
2024-02-05	SKU_06	42	35.99481
2024-02-06	SKU_06	34	36.422142
2024-02-07	SKU_06	34	36.728172
2024-02-08	SKU_06	37	35.171486
2024-02-09	SKU_06	31	37.481964
2024-02-10	SKU_06	43	44.86456
2024-02-11	SKU_06	49	48.84026
2024-02-12	SKU_06	30	34.896427
2024-02-13	SKU_06	23	35.069984
2024-02-14	SKU_06	26	35.0684
2024-02-15	SKU_06	32	34.770973
2024-02-16	SKU_06	33	36.51745
2024-02-17	SKU_06	68	57.467808
2024-02-18	SKU_06	42	42.54589
2024-02-19	SKU_06	30	36.319862
2024-02-20	SKU_06	32	29.659744
2024-02-21	SKU_06	39	49.173954
2024-02-22	SKU_06	39	31.467337
2024-02-23	SKU_06	29	31.27747
2024-02-24	SKU_06	40	36.128468
2024-02-25	SKU_06	45	41.45158
2024-02-26	SKU_06	34	32.121197
2024-02-27	SKU_06	39	26.33974
2024-02-28	SKU_06	29	32.831875
2024-02-29	SKU_06	39	43.278442
2024-03-01	SKU_06	33	30.832361
2024-03-02	SKU_06	39	35.905766
2024-03-03	SKU_06	20	34.86567
2024-03-04	SKU_06	17	26.676262
2024-03-05	SKU_06	28	26.5009
2024-03-06	SKU_06	20	28.830307
2024-03-07	SKU_06	36	31.043453
2024-03-08	SKU_06	30	32.147358
2024-03-09	SKU_06	29	39.088753
2024-03-10	SKU_06	34	36.649
2024-03-11	SKU_06	32	26.862238
2024-03-12	SKU_06	30	32.156807
2024-03-13	SKU_06	34	28.675808
2024-03-14	SKU_06	35	27.413857
2024-03-15	SKU_06	33	33.629467
2024-03-16	SKU_06	45	38.77544
2024-03-17	SKU_06	37	36.152054
2024-03-18	SKU_06	21	29.261908
2024-03-19	SKU_06	30	28.847445
2024-03-20	SKU_06	38	47.282032
2024-03-21	SKU_06	35	27.7431
2024-03-22	SKU_06	34	31.32569
2024-03-23	SKU_06	37	42.836357
2024-03-24	SKU_06	39	39.16063
2024-03-25	SKU_06	27	30.671711
2024-03-26	SKU_06	31	31.038008
2024-03-27	SKU_06	35	35.88123
2024-03-28	SKU_06	31	34.50786
2024-03-29	SKU_06	34	33.87393
2024-03-30	SKU_06	73	54.52187
2024-03-31	SKU_06	41	42.54287
2024-04-01	SKU_06	37	36.78754
2024-04-02	SKU_06	38	36.848774
2024-04-03	SKU_06	32	31.170341
2024-04-04	SKU_06	22	36.114033
2024-04-05	SKU_06	32	32.599342
2024-04-06	SKU_06	47	48.00849
2024-04-07	SKU_06	33	43.675877
2024-04-08	SKU_06	31	33.670856
2024-04-09	SKU_06	25	35.29344
2024-04-10	SKU_06	34	33.02905
2024-04-11	SKU_06	49	41.309307
2024-04-12	SKU_06	39	33.565514
2024-04-13	SKU_06	45	46.737576
2024-04-14	SKU_06	53	46.726334
2024-04-15	SKU_06	37	34.09005
2024-04-16	SKU_06	38	35.001945
2024-04-17	SKU_06	29	35.53283
2024-04-18	SKU_06	33	34.03793
2024-04-19	SKU_06	38	38.443092
2024-04-20	SKU_06	50	48.771095
2024-04-21	SKU_06	48	42.683914
2024-04-22	SKU_06	48	34.65741
2024-04-23	SKU_06	42	37.838467
2024-04-24	SKU_06	39	39.113544
2024-04-25	SKU_06	43	38.250687
2024-04-26	SKU_06	31	33.989456
2024-04-27	SKU_06	47	48.08582
2024-04-28	SKU_06	49	44.767403
2024-04-29	SKU_06	37	36.16472
2024-04-30	SKU_06	36	37.43266
2024-05-01	SKU_06	38	34.746277
2024-05-02	SKU_06	45	52.661217
2024-05-03	SKU_06	36	34.281673
2024-05-04	SKU_06	43	47.588703
2024-05-05	SKU_06	43	44.669094
2024-05-06	SKU_06	31	36.828426
2024-05-07	SKU_06	46	32.910824
2024-05-08	SKU_06	33	33.80218
2024-05-09	SKU_06	33	34.051567
2024-05-10	SKU_06	36	36.62965
2024-05-11	SKU_06	38	44.063393
2024-05-12	SKU_06	45	41.08851
2024-05-13	SKU_06	39	32.32192
2024-05-14	SKU_06	44	35.12613
2024-05-15	SKU_06	34	36.414337
2024-05-16	SKU_06	32	33.401524
2024-05-17	SKU_06	27	31.856148
2024-05-18	SKU_06	40	43.3236
2024-05-19	SKU_06	55	58.300636
2024-05-20	SKU_06	25	31.935373
2024-05-21	SKU_06	33	29.730228
2024-05-22	SKU_06	36	30.24147
2024-05-23	SKU_06	24	33.112656
2024-05-24	SKU_06	29	31.043743
2024-05-25	SKU_06	45	40.483967
2024-05-26	SKU_06	38	43.086086
2024-05-27	SKU_06	38	25.517832
2024-05-28	SKU_06	30	31.272884
2024-05-29	SKU_06	25	31.968119
2024-05-30	SKU_06	34	25.86787
2024-05-31	SKU_06	22	30.163567
2024-06-01	SKU_06	40	35.915016
2024-06-02	SKU_06	41	34.07173
2024-06-03	SKU_06	31	32.83128
2024-06-04	SKU_06	29	26.49689
2024-06-05	SKU_06	43	50.912247
2024-06-06	SKU_06	30	29.247494
2024-06-07	SKU_06	22	29.465988
2024-06-08	SKU_06	50	39.809837
2024-06-09	SKU_06	51	56.87704
2024-06-10	SKU_06	27	25.669668
2024-06-11	SKU_06	26	32.022305
2024-06-12	SKU_06	35	30.641453
2024-06-13	SKU_06	25	29.334944
2024-06-14	SKU_06	33	26.092701
2024-06-15	SKU_06	35	36.841476
2024-06-16	SKU_06	29	39.366825
2024-06-17	SKU_06	33	27.050053
2024-06-18	SKU_06	49	50.690582
2024-06-19	SKU_06	31	29.538712
2024-06-20	SKU_06	28	31.089632
2024-06-21	SKU_06	27	31.944038
2024-06-22	SKU_06	58	55.18596
2024-06-23	SKU_06	38	39.81666
2024-06-24	SKU_06	33	31.392227
2024-06-25	SKU_06	31	32.006393
2024-06-26	SKU_06	56	51.51856
2024-06-27	SKU_06	23	28.685736
2024-06-28	SKU_06	27	29.722755
2024-06-29	SKU_06	49	43.2983
2024-06-30	SKU_06	44	43.96005
2024-01-01	SKU_07	37	46.299023
2024-01-02	SKU_07	59	58.161263
2024-01-03	SKU_07	42	44.49442
2024-01-04	SKU_07	38	45.000362
2024-01-05	SKU_07	49	43.09568
2024-01-06	SKU_07	59	54.71181
2024-01-07	SKU_07	54	54.02342
2024-01-08	SKU_07	47	46.15046
2024-01-09	SKU_07	41	48.87456
2024-01-10	SKU_07	48	52.000374
2024-01-11	SKU_07	46	44.972595
2024-01-12	SKU_07	45	42.336132
2024-01-13	SKU_07	57	53.163918
2024-01-14	SKU_07	64	58.769073
2024-01-15	SKU_07	49	51.8825
2024-01-16	SKU_07	50	42.59363
2024-01-17	SKU_07	42	51.05235
2024-01-18	SKU_07	46	52.744827
2024-01-19	SKU_07	51	49.815506
2024-01-20	SKU_07	58	57.732468
2024-01-21	SKU_07	61	57.242798
2024-01-22	SKU_07	49	49.637306
2024-01-23	SKU_07	47	48.05465
2024-01-24	SKU_07	51	48.229977
2024-01-25	SKU_07	47	48.123707
2024-01-26	SKU_07	45	45.658302
2024-01-27	SKU_07	49	56.668827
2024-01-28	SKU_07	57	62.555935
2024-01-29	SKU_07	46	42.76619
2024-01-30	SKU_07	49	46.6573
2024-01-31	SKU_07	66	62.29913
2024-02-01	SKU_07	54	50.79809
2024-02-02	SKU_07	49	42.409386
2024-02-03	SKU_07	55	55.179554
2024-02-04	SKU_07	76	69.36327
2024-02-05	SKU_07	49	44.77037
2024-02-06	SKU_07	47	45.22767
2024-02-07	SKU_07	48	42.722168
2024-02-08	SKU_07	39	46.135715
2024-02-09	SKU_07	45	44.217297
2024-02-10	SKU_07	50	53.830967
2024-02-11	SKU_07	50	52.976376
2024-02-12	SKU_07	38	43.526474
2024-02-13	SKU_07	42	44.339355
2024-02-14	SKU_07	36	44.261395
2024-02-15	SKU_07	47	41.152046
2024-02-16	SKU_07	44	41.752678
2024-02-17	SKU_07	60	53.34114
2024-02-18	SKU_07	57	51.250294
2024-02-19	SKU_07	46	44.62255
2024-02-20	SKU_07	60	58.155876
2024-02-21	SKU_07	50	45.617283
2024-02-22	SKU_07	48	42.272232
2024-02-23	SKU_07	37	42.35213
2024-02-24	SKU_07	54	55.01121
2024-02-25	SKU_07	45	50.245914
2024-02-26	SKU_07	43	40.775036
2024-02-27	SKU_07	44	43.37014
2024-02-28	SKU_07	46	41.241817
2024-02-29	SKU_07	31	36.814236
2024-03-01	SKU_07	40	41.97095
2024-03-02	SKU_07	41	44.956112
2024-03-03	SKU_07	47	49.789753
2024-03-04	SKU_07	38	38.449028
2024-03-05	SKU_07	40	37.768764
2024-03-06	SKU_07	39	40.93663
2024-03-07	SKU_07	47	35.94898
2024-03-08	SKU_07	43	36.5224
2024-03-09	SKU_07	46	46.972073
2024-03-10	SKU_07	58	52.973648
2024-03-11	SKU_07	40	44.359623
2024-03-12	SKU_07	42	37.94011
2024-03-13	SKU_07	38	39.17013
2024-03-14	SKU_07	39	34.13734
2024-03-15	SKU_07	47	38.970634
2024-03-16	SKU_07	55	48.138165
2024-03-17	SKU_07	48	52.16607
2024-03-18	SKU_07	40	38.551075
2024-03-19	SKU_07	41	40.362057
2024-03-20	SKU_07	35	42.246758
2024-03-21	SKU_07	41	40.580055
2024-03-22	SKU_07	57	58.066433
2024-03-23	SKU_07	49	49.850075
2024-03-24	SKU_07	56	49.99084
2024-03-25	SKU_07	40	43.49106
2024-03-26	SKU_07	45	40.879852
2024-03-27	SKU_07	44	41.50553
2024-03-28	SKU_07	36	43.696163
2024-03-29	SKU_07	47	43.36452
2024-03-30	SKU_07	59	52.243652
2024-03-31	SKU_07	48	50.622993
2024-04-01	SKU_07	40	41.412365
2024-04-02	SKU_07	46	44.231525
2024-04-03	SKU_07	43	43.86187
2024-04-04	SKU_07	43	43.379463
2024-04-05	SKU_07	39	44.80932
2024-04-06	SKU_07	58	54.963062
2024-04-07	SKU_07	53	55.60875
2024-04-08	SKU_07	35	44.281677
2024-04-09	SKU_07	59	60.05065
2024-04-10	SKU_07	49	47.057438
2024-04-11	SKU_07	43	46.205692
2024-04-12	SKU_07	44	53.71787
2024-04-13	SKU_07	61	52.75375
2024-04-14	SKU_07	56	54.324375
2024-04-15	SKU_07	49	49.390377
2024-04-16	SKU_07	51	49.116165
2024-04-17	SKU_07	38	46.873043
2024-04-18	SKU_07	48	47.168148
2024-04-19	SKU_07	54	45.204567
2024-04-20	SKU_07	57	55.87759
2024-04-21	SKU_07	54	53.749325
2024-04-22	SKU_07	56	49.130615
2024-04-23	SKU_07	72	62.592747
2024-04-24	SKU_07	41	47.952366
2024-04-25	SKU_07	52	47.82325
2024-04-26	SKU_07	48	46.468704
2024-04-27	SKU_07	74	62.966118
2024-04-28	SKU_07	57	55.937595
2024-04-29	SKU_07	54	45.51308
2024-04-30	SKU_07	45	47.402866
2024-05-01	SKU_07	48	46.790813
2024-05-02	SKU_07	47	47.036297
2024-05-03	SKU_07	46	42.996044
2024-05-04	SKU_07	58	59.02467
2024-05-05	SKU_07	56	52.07529
2024-05-06	SKU_07	45	48.14516
2024-05-07	SKU_07	43	46.15534
2024-05-08	SKU_07	56	44.890835
2024-05-09	SKU_07	43	45.385582
2024-05-10	SKU_07	50	42.57939
2024-05-11	SKU_07	57	55.060566
2024-05-12	SKU_07	49	52.721367
2024-05-13	SKU_07	39	43.14879
2024-05-14	SKU_07	41	41.841328
2024-05-15	SKU_07	50	45.679794
2024-05-16	SKU_07	41	43.665302
2024-05-17	SKU_07	48	55.281384
2024-05-18	SKU_07	55	53.161373
2024-05-19	SKU_07	50	52.15868
2024-05-20	SKU_07	43	40.738575
2024-05-21	SKU_07	40	45.002613
2024-05-22	SKU_07	55	53.749332
2024-05-23	SKU_07	36	34.834507
2024-05-24	SKU_07	37	39.24325
2024-05-25	SKU_07	44	41.105804
2024-05-26	SKU_07	66	63.89392
2024-05-27	SKU_07	46	46.476273
2024-05-28	SKU_07	41	41.17302
2024-05-29	SKU_07	40	41.9539
2024-05-30	SKU_07	41	44.3682
2024-05-31	SKU_07	40	41.722088
2024-06-01	SKU_07	54	46.547676
2024-06-02	SKU_07	53	44.242073
2024-06-03	SKU_07	37	40.43423
2024-06-04	SKU_07	39	35.382847
2024-06-05	SKU_07	39	38.140537
2024-06-06	SKU_07	36	39.86593
2024-06-07	SKU_07	31	38.441624
2024-06-08	SKU_07	42	46.68859
2024-06-09	SKU_07	62	63.0676
2024-06-10	SKU_07	37	36.35561
2024-06-11	SKU_07	39	44.906982
2024-06-12	SKU_07	48	36.56748
2024-06-13	SKU_07	33	38.53824
2024-06-14	SKU_07	42	39.3263
2024-06-15	SKU_07	44	44.030922
2024-06-16	SKU_07	56	44.805416
2024-06-17	SKU_07	47	41.93376
2024-06-18	SKU_07	44	41.470478
2024-06-19	SKU_07	35	41.850708
2024-06-20	SKU_07	40	40.143837
2024-06-21	SKU_07	37	37.76607
2024-06-22	SKU_07	63	68.45551
2024-06-23	SKU_07	51	51.003296
2024-06-24	SKU_07	38	38.027622
2024-06-25	SKU_07	47	44.84003
2024-06-26	SKU_07	38	43.1826
2024-06-27	SKU_07	38	40.143837
2024-06-28	SKU_07	53	61.179653
2024-06-29	SKU_07	52	53.513134
2024-06-30	SKU_07	52	55.88327
2024-01-01	SKU_08	28	22.982166
2024-01-02	SKU_08	21	25.631454
2024-01-03	SKU_08	19	25.818102
2024-01-04	SKU_08	25	21.685755
2024-01-05	SKU_08	41	35.676228
2024-01-06	SKU_08	37	40.077877
2024-01-07	SKU_08	35	31.28655
2024-01-08	SKU_08	23	20.245605
2024-01-09	SKU_08	24	23.949286
2024-01-10	SKU_08	24	29.076065
2024-01-11	SKU_08	31	26.245148
2024-01-12	SKU_08	29	26.175097
2024-01-13	SKU_08	42	35.217552
2024-01-14	SKU_08	38	41.22769
2024-01-15	SKU_08	38	41.08629
2024-01-16	SKU_08	30	27.886965
2024-01-17	SKU_08	27	27.464457
2024-01-18	SKU_08	32	26.522804
2024-01-19	SKU_08	27	26.566748
2024-01-20	SKU_08	35	38.585144
2024-01-21	SKU_08	30	40.601906
2024-01-22	SKU_08	39	28.867233
2024-01-23	SKU_08	29	27.065775
2024-01-24	SKU_08	20	31.964762
2024-01-25	SKU_08	32	39.7137
2024-01-26	SKU_08	40	40.152782
2024-01-27	SKU_08	28	37.634747
2024-01-28	SKU_08	41	40.329643
2024-01-29	SKU_08	18	23.528757
2024-01-30	SKU_08	31	26.90742
2024-01-31	SKU_08	31	24.071247
2024-02-01	SKU_08	26	22.275103
2024-02-02	SKU_08	18	24.249308
2024-02-03	SKU_08	46	49.190247
2024-02-04	SKU_08	35	38.809826
2024-02-05	SKU_08	33	25.849026
2024-02-06	SKU_08	18	25.748138
2024-02-07	SKU_08	20	27.473759
2024-02-08	SKU_08	24	24.629406
2024-02-09	SKU_08	24	22.76851
2024-02-10	SKU_08	33	33.140614
2024-02-11	SKU_08	34	31.847712
2024-02-12	SKU_08	21	26.454908
2024-02-13	SKU_08	33	24.482311
2024-02-14	SKU_08	26	24.395267
2024-02-15	SKU_08	22	21.748373
2024-02-16	SKU_08	31	24.159214
2024-02-17	SKU_08	42	34.07922
2024-02-18	SKU_08	32	36.928364
2024-02-19	SKU_08	18	25.520725
2024-02-20	SKU_08	24	22.44154
2024-02-21	SKU_08	13	23.152792
2024-02-22	SKU_08	17	18.83859
2024-02-23	SKU_08	22	22.224312
2024-02-24	SKU_08	23	24.29527
2024-02-25	SKU_08	43	29.975393
2024-02-26	SKU_08	10	18.034004
2024-02-27	SKU_08	12	19.382565
2024-02-28	SKU_08	18	16.834427
2024-02-29	SKU_08	10	18.363066
2024-03-01	SKU_08	22	22.318775
2024-03-02	SKU_08	33	28.834919
2024-03-03	SKU_08	24	27.885584
2024-03-04	SKU_08	20	16.090809
2024-03-05	SKU_08	17	16.84839
2024-03-06	SKU_08	24	22.103539
2024-03-07	SKU_08	15	17.153666
2024-03-08	SKU_08	17	14.042351
2024-03-09	SKU_08	35	30.869215
2024-03-10	SKU_08	27	27.37292
2024-03-11	SKU_08	20	17.078201
2024-03-12	SKU_08	13	19.793737
2024-03-13	SKU_08	22	16.664385
2024-03-14	SKU_08	18	12.247782
2024-03-15	SKU_08	10	20.596418
2024-03-16	SKU_08	18	31.379017
2024-03-17	SKU_08	23	28.9152
2024-03-18	SKU_08	18	20.46055
2024-03-19	SKU_08	15	18.253696
2024-03-20	SKU_08	20	18.353922
2024-03-21	SKU_08	26	22.24999
2024-03-22	SKU_08	26	18.30427
2024-03-23	SKU_08	32	27.386335
2024-03-24	SKU_08	40	29.87498
2024-03-25	SKU_08	37	36.233406
2024-03-26	SKU_08	16	16.20545
2024-03-27	SKU_08	38	36.98595
2024-03-28	SKU_08	17	21.064323
2024-03-29	SKU_08	22	19.642294
2024-03-30	SKU_08	35	30.849817
2024-03-31	SKU_08	28	35.897263
2024-04-01	SKU_08	37	32.768295
2024-04-02	SKU_08	23	17.963848
2024-04-03	SKU_08	31	26.753824
2024-04-04	SKU_08	17	26.051006
2024-04-05	SKU_08	21	25.343307
2024-04-06	SKU_08	36	30.049349
2024-04-07	SKU_08	31	32.67191
2024-04-08	SKU_08	28	22.136408
2024-04-09	SKU_08	24	30.463194
2024-04-10	SKU_08	33	28.103565
2024-04-11	SKU_08	26	25.79843
2024-04-12	SKU_08	28	25.832485
2024-04-13	SKU_08	39	34.977528
2024-04-14	SKU_08	37	37.442184
2024-04-15	SKU_08	24	29.318563
2024-04-16	SKU_08	24	24.939999
2024-04-17	SKU_08	30	25.760546
2024-04-18	SKU_08	30	24.591906
2024-04-19	SKU_08	29	29.382195
2024-04-20	SKU_08	40	34.134987
2024-04-21	SKU_08	39	42.05582
2024-04-22	SKU_08	31	27.307444
2024-04-23	SKU_08	29	26.344954
2024-04-24	SKU_08	28	28.42045
2024-04-25	SKU_08	22	25.020306
2024-04-26	SKU_08	22	33.973743
2024-04-27	SKU_08	37	37.164127
2024-04-28	SKU_08	31	35.477703
2024-04-29	SKU_08	22	28.511831
2024-04-30	SKU_08	25	22.639137
2024-05-01	SKU_08	31	26.523008
2024-05-02	SKU_08	43	41.93567
2024-05-03	SKU_08	44	43.59212
2024-05-04	SKU_08	33	35.864647
2024-05-05	SKU_08	59	49.549725
2024-05-06	SKU_08	28	27.307123
2024-05-07	SKU_08	22	23.483076
2024-05-08	SKU_08	25	27.312405
2024-05-09	SKU_08	22	24.594414
2024-05-10	SKU_08	15	27.53318
2024-05-11	SKU_08	46	43.205082
2024-05-12	SKU_08	40	33.62729
2024-05-13	SKU_08	26	23.52351
2024-05-14	SKU_08	21	26.377527
2024-05-15	SKU_08	18	21.157913
2024-05-16	SKU_08	26	24.05959
2024-05-17	SKU_08	13	23.651917
2024-05-18	SKU_08	34	34.899784
2024-05-19	SKU_08	37	33.65961
2024-05-20	SKU_08	39	35.653305
2024-05-21	SKU_08	40	37.94541
2024-05-22	SKU_08	20	23.189629
2024-05-23	SKU_08	13	22.273773
2024-05-24	SKU_08	32	38.301643
2024-05-25	SKU_08	33	29.851582
2024-05-26	SKU_08	39	31.281025
2024-05-27	SKU_08	14	19.119997
2024-05-28	SKU_08	30	18.56213
2024-05-29	SKU_08	24	22.331215
2024-05-30	SKU_08	23	17.380838
2024-05-31	SKU_08	19	17.138662
2024-06-01	SKU_08	29	29.212252
2024-06-02	SKU_08	29	28.334408
2024-06-03	SKU_08	32	18.536715
2024-06-04	SKU_08	36	40.427788
2024-06-05	SKU_08	25	19.139715
2024-06-06	SKU_08	9	15.8035965
2024-06-07	SKU_08	13	18.358253
2024-06-08	SKU_08	24	30.308071
2024-06-09	SKU_08	22	23.114237
2024-06-10	SKU_08	23	13.240748
2024-06-11	SKU_08	24	17.516476
2024-06-12	SKU_08	31	33.961285
2024-06-13	SKU_08	14	17.788424
2024-06-14	SKU_08	14	15.994638
2024-06-15	SKU_08	32	22.24777
2024-06-16	SKU_08	23	32.46718
2024-06-17	SKU_08	23	21.113916
2024-06-18	SKU_08	10	21.741354
2024-06-19	SKU_08	27	22.710516
2024-06-20	SKU_08	17	19.263199
2024-06-21	SKU_08	12	22.98468
2024-06-22	SKU_08	36	31.008455
2024-06-23	SKU_08	32	28.386377
2024-06-24	SKU_08	17	20.569387
2024-06-25	SKU_08	17	20.487823
2024-06-26	SKU_08	22	21.09107
2024-06-27	SKU_08	34	21.266792
2024-06-28	SKU_08	39	39.86547
2024-06-29	SKU_08	30	33.725563
2024-06-30	SKU_08	38	29.606476
2024-01-01	SKU_09	26	21.486345
2024-01-02	SKU_09	24	19.664745
2024-01-03	SKU_09	30	19.017496
2024-01-04	SKU_09	24	20.003122
2024-01-05	SKU_09	18	26.428808
2024-01-06	SKU_09	36	29.923922
2024-01-07	SKU_09	34	35.43692
2024-01-08	SKU_09	43	35.29173
2024-01-09	SKU_09	47	33.926723
2024-01-10	SKU_09	27	19.801558
2024-01-11	SKU_09	22	22.722599
2024-01-12	SKU_09	15	21.436125
2024-01-13	SKU_09	43	46.7823
2024-01-14	SKU_09	60	46.61878
2024-01-15	SKU_09	30	22.123419
2024-01-16	SKU_09	19	24.601625
2024-01-17	SKU_09	14	20.396215
2024-01-18	SKU_09	23	24.179646
2024-01-19	SKU_09	19	20.014252
2024-01-20	SKU_09	38	33.611984
2024-01-21	SKU_09	41	36.148273
2024-01-22	SKU_09	34	27.983961
2024-01-23	SKU_09	25	25.607473
2024-01-24	SKU_09	23	27.951336
2024-01-25	SKU_09	18	24.5189
2024-01-26	SKU_09	40	36.121536
2024-01-27	SKU_09	39	34.38065
2024-01-28	SKU_09	37	35.514458
2024-01-29	SKU_09	20	28.366497
2024-01-30	SKU_09	20	21.589571
2024-01-31	SKU_09	28	26.41266
2024-02-01	SKU_09	17	24.726202
2024-02-02	SKU_09	21	25.936169
2024-02-03	SKU_09	31	36.294548
2024-02-04	SKU_09	40	33.678177
2024-02-05	SKU_09	22	19.409739
2024-02-06	SKU_09	35	34.078594
2024-02-07	SKU_09	20	20.467567
2024-02-08	SKU_09	26	20.27131
2024-02-09	SKU_09	19	21.922808
2024-02-10	SKU_09	21	32.48337
2024-02-11	SKU_09	34	32.823162
2024-02-12	SKU_09	16	19.072668
2024-02-13	SKU_09	15	19.56971
2024-02-14	SKU_09	25	20.18061
2024-02-15	SKU_09	12	20.234266
2024-02-16	SKU_09	17	17.135454
2024-02-17	SKU_09	35	32.831715
2024-02-18	SKU_09	49	43.251724
2024-02-19	SKU_09	8	24.142633
2024-02-20	SKU_09	16	17.799587
2024-02-21	SKU_09	20	18.833921
2024-02-22	SKU_09	31	25.646824
2024-02-23	SKU_09	22	19.401222
2024-02-24	SKU_09	29	29.694895
2024-02-25	SKU_09	25	29.498367
2024-02-26	SKU_09	15	10.62555
2024-02-27	SKU_09	17	15.733489
2024-02-28	SKU_09	22	19.426344
2024-02-29	SKU_09	22	15.002023
2024-03-01	SKU_09	32	23.113968
2024-03-02	SKU_09	32	38.488182
2024-03-03	SKU_09	27	27.718296
2024-03-04	SKU_09	18	11.490559
2024-03-05	SKU_09	22	14.330409
2024-03-06	SKU_09	13	14.235915
2024-03-07	SKU_09	19	14.7662
2024-03-08	SKU_09	22	16.453123
2024-03-09	SKU_09	35	25.237103
2024-03-10	SKU_09	26	27.870638
2024-03-11	SKU_09	14	18.747751
2024-03-12	SKU_09	26	18.472532
2024-03-13	SKU_09	15	17.616793
2024-03-14	SKU_09	25	24.13689
2024-03-15	SKU_09	21	15.664205
2024-03-16	SKU_09	29	23.81658
2024-03-17	SKU_09	23	24.168709
2024-03-18	SKU_09	19	18.29235
2024-03-19	SKU_09	9	16.760736
2024-03-20	SKU_09	24	17.554712
2024-03-21	SKU_09	17	18.57918
2024-03-22	SKU_09	31	25.977993
2024-03-23	SKU_09	26	26.294022
2024-03-24	SKU_09	39	47.408432
2024-03-25	SKU_09	22	14.969755
2024-03-26	SKU_09	19	23.005253
2024-03-27	SKU_09	20	16.948902
2024-03-28	SKU_09	14	18.071623
2024-03-29	SKU_09	20	20.515043
2024-03-30	SKU_09	31	34.006886
2024-03-31	SKU_09	40	32.535175
2024-04-01	SKU_09	23	16.727926
2024-04-02	SKU_09	17	18.576456
2024-04-03	SKU_09	11	19.035963
2024-04-04	SKU_09	21	19.374655
2024-04-05	SKU_09	41	39.94282
2024-04-06	SKU_09	33	34.057606
2024-04-07	SKU_09	36	32.392086
2024-04-08	SKU_09	26	20.573097
2024-04-09	SKU_09	26	25.217192
2024-04-10	SKU_09	40	45.713345
2024-04-11	SKU_09	24	25.699928
2024-04-12	SKU_09	26	22.416666
2024-04-13	SKU_09	28	35.76003
2024-04-14	SKU_09	29	35.23583
2024-04-15	SKU_09	23	26.723997
2024-04-16	SKU_09	28	23.212605
2024-04-17	SKU_09	38	39.268818
2024-04-18	SKU_09	27	21.372433
2024-04-19	SKU_09	30	42.02941
2024-04-20	SKU_09	38	34.798656
2024-04-21	SKU_09	37	34.47431
2024-04-22	SKU_09	30	22.867651
2024-04-23	SKU_09	27	22.919418
2024-04-24	SKU_09	21	23.384123
2024-04-25	SKU_09	22	21.409615
2024-04-26	SKU_09	27	23.8155
2024-04-27	SKU_09	44	35.74288
2024-04-28	SKU_09	36	31.309824
2024-04-29	SKU_09	17	24.246622
2024-04-30	SKU_09	23	28.237074
2024-05-01	SKU_09	23	24.778038
2024-05-02	SKU_09	33	22.43885
2024-05-03	SKU_09	25	23.67793
2024-05-04	SKU_09	30	30.882414
2024-05-05	SKU_09	52	48.7845
2024-05-06	SKU_09	31	21.922995
2024-05-07	SKU_09	23	23.710035
2024-05-08	SKU_09	27	20.632248
2024-05-09	SKU_09	24	19.772303
2024-05-10	SKU_09	28	39.069336
2024-05-11	SKU_09	36	30.749212
2024-05-12	SKU_09	38	34.686924
2024-05-13	SKU_09	28	32.424656
2024-05-14	SKU_09	20	19.37502
2024-05-15	SKU_09	15	21.491705
2024-05-16	SKU_09	22	17.406628
2024-05-17	SKU_09	23	22.423832
2024-05-18	SKU_09	25	29.515322
2024-05-19	SKU_09	29	28.811012
2024-05-20	SKU_09	14	21.230007
2024-05-21	SKU_09	6	19.990332
2024-05-22	SKU_09	16	17.047241
2024-05-23	SKU_09	21	20.224512
2024-05-24	SKU_09	14	15.124913
2024-05-25	SKU_09	28	27.250765
2024-05-26	SKU_09	32	28.873812
2024-05-27	SKU_09	12	16.052076
2024-05-28	SKU_09	15	19.767502
2024-05-29	SKU_09	21	15.891288
2024-05-30	SKU_09	17	17.851301
2024-05-31	SKU_09	34	33.953957
2024-06-01	SKU_09	29	25.485317
2024-06-02	SKU_09	47	45.659885
2024-06-03	SKU_09	22	37.56227
2024-06-04	SKU_09	11	16.95581
2024-06-05	SKU_09	14	17.189024
2024-06-06	SKU_09	8	17.552698
2024-06-07	SKU_09	12	17.885485
2024-06-08	SKU_09	22	25.67757
2024-06-09	SKU_09	19	25.129698
2024-06-10	SKU_09	14	16.673676
2024-06-11	SKU_09	20	15.539724
2024-06-12	SKU_09	27	16.277744
2024-06-13	SKU_09	8	13.802498
2024-06-14	SKU_09	21	16.842957
2024-06-15	SKU_09	47	41.076794
2024-06-16	SKU_09	41	36.49586
2024-06-17	SKU_09	4	16.370342
2024-06-18	SKU_09	16	19.170586
2024-06-19	SKU_09	32	36.17226
2024-06-20	SKU_09	15	18.723703
2024-06-21	SKU_09	11	17.085989
2024-06-22	SKU_09	50	39.86549
2024-06-23	SKU_09	32	29.740665
2024-06-24	SKU_09	26	19.63977
2024-06-25	SKU_09	35	20.89517
2024-06-26	SKU_09	26	20.113825
2024-06-27	SKU_09	7	16.626225
2024-06-28	SKU_09	14	21.228245
2024-06-29	SKU_09	53	46.362156
2024-06-30	SKU_09	33	31.620068
2024-01-01	SKU_10	55	52.835705
2024-01-02	SKU_10	53	51.306747
2024-01-03	SKU_10	57	50.864838
2024-01-04	SKU_10	58	54.626587
2024-01-05	SKU_10	55	60.115112
2024-01-06	SKU_10	64	63.715435
2024-01-07	SKU_10	83	76.89379
2024-01-08	SKU_10	54	51.39035
2024-01-09	SKU_10	51	57.31067
2024-01-10	SKU_10	57	51.059143
2024-01-11	SKU_10	52	57.837852
2024-01-12	SKU_10	59	50.631756
2024-01-13	SKU_10	66	66.46201
2024-01-14	SKU_10	72	64.57577
2024-01-15	SKU_10	58	58.42224
2024-01-16	SKU_10	53	51.49241
2024-01-17	SKU_10	57	55.22799
2024-01-18	SKU_10	70	65.87544
2024-01-19	SKU_10	59	60.68443
2024-01-20	SKU_10	66	64.30394
2024-01-21	SKU_10	63	61.786728
2024-01-22	SKU_10	63	56.763893
2024-01-23	SKU_10	53	52.617023
2024-01-24	SKU_10	57	53.481586
2024-01-25	SKU_10	60	48.71916
2024-01-26	SKU_10	55	53.19054
2024-01-27	SKU_10	63	63.269863
2024-01-28	SKU_10	58	61.567913
2024-01-29	SKU_10	51	54.908688
2024-01-30	SKU_10	53	52.47998
2024-01-31	SKU_10	58	54.914116
2024-02-01	SKU_10	49	59.91985
2024-02-02	SKU_10	55	60.319706
2024-02-03	SKU_10	70	63.23663
2024-02-04	SKU_10	68	63.282433
2024-02-05	SKU_10	54	57.010498
2024-02-06	SKU_10	55	54.84834
2024-02-07	SKU_10	55	49.545464
2024-02-08	SKU_10	55	44.57006
2024-02-09	SKU_10	59	57.143528
2024-02-10	SKU_10	68	61.130775
2024-02-11	SKU_10	68	61.356895
2024-02-12	SKU_10	53	56.005016
2024-02-13	SKU_10	53	48.839188
2024-02-14	SKU_10	52	54.098343
2024-02-15	SKU_10	51	52.6488
2024-02-16	SKU_10	57	49.238842
2024-02-17	SKU_10	65	61.613945
2024-02-18	SKU_10	68	77.47978
2024-02-19	SKU_10	54	47.868404
2024-02-20	SKU_10	73	62.2784
2024-02-21	SKU_10	54	50.09214
2024-02-22	SKU_10	50	51.088726
2024-02-23	SKU_10	49	50.356678
2024-02-24	SKU_10	81	69.50051
2024-02-25	SKU_10	52	64.56808
2024-02-26	SKU_10	46	49.188454
2024-02-27	SKU_10	46	46.977978
2024-02-28	SKU_10	49	47.49626
2024-02-29	SKU_10	48	47.497482
2024-03-01	SKU_10	43	42.949894
2024-03-02	SKU_10	69	68.300415
2024-03-03	SKU_10	69	68.703156
2024-03-04	SKU_10	39	43.08796
2024-03-05	SKU_10	37	43.884724
2024-03-06	SKU_10	58	67.24475
2024-03-07	SKU_10	45	43.511436
2024-03-08	SKU_10	49	35.799145
2024-03-09	SKU_10	61	58.686943
2024-03-10	SKU_10	56	62.45511
2024-03-11	SKU_10	50	44.208817
2024-03-12	SKU_10	45	42.519768
2024-03-13	SKU_10	58	64.09934
2024-03-14	SKU_10	53	45.792877
2024-03-15	SKU_10	40	43.311165
2024-03-16	SKU_10	60	54.69559
2024-03-17	SKU_10	64	59.3687
2024-03-18	SKU_10	60	47.70443
2024-03-19	SKU_10	46	48.378765
2024-03-20	SKU_10	48	47.14586
2024-03-21	SKU_10	45	50.404602
2024-03-22	SKU_10	45	49.1732
2024-03-23	SKU_10	45	59.899246
2024-03-24	SKU_10	52	63.2444
2024-03-25	SKU_10	52	49.462265
2024-03-26	SKU_10	58	48.917835
2024-03-27	SKU_10	52	47.343018
2024-03-28	SKU_10	49	51.976284
2024-03-29	SKU_10	55	51.227943
2024-03-30	SKU_10	64	60.37672
2024-03-31	SKU_10	56	62.130306
2024-04-01	SKU_10	49	46.964783
2024-04-02	SKU_10	48	51.730415
2024-04-03	SKU_10	57	50.812218
2024-04-04	SKU_10	49	52.46678
2024-04-05	SKU_10	46	48.34671
2024-04-06	SKU_10	70	62.49274
2024-04-07	SKU_10	61	61.980244
2024-04-08	SKU_10	67	71.31311
2024-04-09	SKU_10	56	50.785908
2024-04-10	SKU_10	53	54.77989
2024-04-11	SKU_10	55	52.615097
2024-04-12	SKU_10	58	58.701527
2024-04-13	SKU_10	72	66.31346
2024-04-14	SKU_10	71	62.710358
2024-04-15	SKU_10	49	58.212486
2024-04-16	SKU_10	64	62.295616
2024-04-17	SKU_10	56	63.274876
2024-04-18	SKU_10	60	60.288033
2024-04-19	SKU_10	63	60.659546
2024-04-20	SKU_10	66	64.90464
2024-04-21	SKU_10	75	64.93283
2024-04-22	SKU_10	55	60.771988
2024-04-23	SKU_10	61	56.774567
2024-04-24	SKU_10	57	59.364998
2024-04-25	SKU_10	55	51.63053
2024-04-26	SKU_10	54	57.559826
2024-04-27	SKU_10	66	60.516663
2024-04-28	SKU_10	69	63.186268
2024-04-29	SKU_10	51	55.419445
2024-04-30	SKU_10	60	57.48455
2024-05-01	SKU_10	55	63.13029
2024-05-02	SKU_10	60	57.17968
2024-05-03	SKU_10	53	58.430832
2024-05-04	SKU_10	66	64.94281
2024-05-05	SKU_10	68	64.8036
2024-05-06	SKU_10	59	52.263153
2024-05-07	SKU_10	49	53.804672
2024-05-08	SKU_10	53	60.536
2024-05-09	SKU_10	53	53.83492
2024-05-10	SKU_10	52	55.13534
2024-05-11	SKU_10	63	62.70309
2024-05-12	SKU_10	56	63.838917
2024-05-13	SKU_10	51	50.870255
2024-05-14	SKU_10	49	49.96983
2024-05-15	SKU_10	69	73.065094
2024-05-16	SKU_10	54	52.013027
2024-05-17	SKU_10	48	49.98853
2024-05-18	SKU_10	67	60.63707
2024-05-19	SKU_10	60	56.094334
2024-05-20	SKU_10	55	49.996525
2024-05-21	SKU_10	45	49.326378
2024-05-22	SKU_10	50	49.842033
2024-05-23	SKU_10	53	47.848938
2024-05-24	SKU_10	50	48.514317
2024-05-25	SKU_10	57	59.30848
2024-05-26	SKU_10	50	58.97716
2024-05-27	SKU_10	59	46.333652
2024-05-28	SKU_10	63	67.33461
2024-05-29	SKU_10	44	49.38727
2024-05-30	SKU_10	51	51.02086
2024-05-31	SKU_10	48	42.40919
2024-06-01	SKU_10	49	54.70043
2024-06-02	SKU_10	67	58.048954
2024-06-03	SKU_10	64	64.382835
2024-06-04	SKU_10	43	46.63369
2024-06-05	SKU_10	48	48.707222
2024-06-06	SKU_10	56	65.294556
2024-06-07	SKU_10	52	44.59121
2024-06-08	SKU_10	58	57.861713
2024-06-09	SKU_10	81	70.1546
2024-06-10	SKU_10	49	50.156887
2024-06-11	SKU_10	44	44.743855
2024-06-12	SKU_10	53	50.090466
2024-06-13	SKU_10	45	42.40305
2024-06-14	SKU_10	43	44.643635
2024-06-15	SKU_10	61	61.011185
2024-06-16	SKU_10	62	60.17007
2024-06-17	SKU_10	48	45.34944
2024-06-18	SKU_10	40	51.03497
2024-06-19	SKU_10	50	54.764458
2024-06-20	SKU_10	58	47.863655
2024-06-21	SKU_10	44	51.91161
2024-06-22	SKU_10	61	56.823223
2024-06-23	SKU_10	69	75.82681
2024-06-24	SKU_10	54	46.43308
2024-06-25	SKU_10	45	50.480503
2024-06-26	SKU_10	60	66.180115
2024-06-27	SKU_10	50	51.101467
2024-06-28	SKU_10	51	48.34922
2024-06-29	SKU_10	66	63.00576
2024-06-30	SKU_10	59	62.93148
