date,sku,actual,predicted
2024-01-01,SKU_01,26,26.129388383231248
2024-01-02,SKU_01,24,26.65890365106589
2024-01-03,SKU_01,11,25.707546696704892
2024-01-04,SKU_01,32,27.63748522111158
2024-01-05,SKU_01,38,27.40479837157158
2024-01-06,SKU_01,44,37.20597179399167
2024-01-07,SKU_01,33,37.13480454708619
2024-01-08,SKU_01,36,28.97908530735414
2024-01-09,SKU_01,20,27.9383643100553
2024-01-10,SKU_01,45,44.68333525835541
2024-01-11,SKU_01,25,29.486826305233652
2024-01-12,SKU_01,22,28.612585264901224
2024-01-13,SKU_01,46,40.14514206927183
2024-01-14,SKU_01,44,39.37958476863508
2024-01-15,SKU_01,34,29.439951297247642
2024-01-16,SKU_01,28,29.14489534320867
2024-01-17,SKU_01,31,28.082152520876782
2024-01-18,SKU_01,37,30.196579214417294
2024-01-19,SKU_01,46,44.74013782567208
2024-01-20,SKU_01,55,40.62692486132952
2024-01-21,SKU_01,39,39.79242305843161
2024-01-22,SKU_01,38,30.517166804088205
2024-01-23,SKU_01,31,31.250355759570542
2024-01-24,SKU_01,32,30.54728022824736
2024-01-25,SKU_01,34,31.326022822829998
2024-01-26,SKU_01,25,29.255980382437755
2024-01-27,SKU_01,50,40.325582082614474
2024-01-28,SKU_01,41,39.78214841910784
2024-01-29,SKU_01,35,29.584229245802995
2024-01-30,SKU_01,29,30.10512616767967
2024-01-31,SKU_01,24,29.264074161583977
2024-02-01,SKU_01,26,28.870834096976353
2024-02-02,SKU_01,31,29.050693003954752
2024-02-03,SKU_01,46,38.882051938374026
2024-02-04,SKU_01,48,38.86086121825926
2024-02-05,SKU_01,29,29.99693746280483
2024-02-06,SKU_01,28,27.984832879900193
2024-02-07,SKU_01,27,27.698330831199623
2024-02-08,SKU_01,31,28.514924171669563
2024-02-09,SKU_01,31,25.899252867912693
2024-02-10,SKU_01,46,37.38287146269804
2024-02-11,SKU_01,35,37.08971065143777
2024-02-12,SKU_01,21,26.438667977462735
2024-02-13,SKU_01,36,27.572449583888787
2024-02-14,SKU_01,25,25.69431677931702
2024-02-15,SKU_01,32,26.72930877892889
2024-02-16,SKU_01,26,24.12069721279846
2024-02-17,SKU_01,39,35.52424123903287
2024-02-18,SKU_01,36,32.815571416517244
2024-02-19,SKU_01,32,25.91130390827955
2024-02-20,SKU_01,33,25.95101331951751
2024-02-21,SKU_01,16,23.63205547054477
2024-02-22,SKU_01,25,26.327189907384497
2024-02-23,SKU_01,47,39.439701985940516
2024-02-24,SKU_01,26,32.99729127728511
2024-02-25,SKU_01,30,33.2894288291516
2024-02-26,SKU_01,37,39.04012799413259
2024-02-27,SKU_01,16,23.321165762937817
2024-02-28,SKU_01,18,22.35642716750624
2024-02-29,SKU_01,21,21.595119008989876
2024-03-01,SKU_01,33,38.4635874929039
2024-03-02,SKU_01,33,33.084155223022606
2024-03-03,SKU_01,23,31.528370011464908
2024-03-04,SKU_01,25,23.142559152568758
2024-03-05,SKU_01,22,21.988848811323855
2024-03-06,SKU_01,27,23.071333590198442
2024-03-07,SKU_01,15,20.886946880976552
2024-03-08,SKU_01,21,21.454579691522284
2024-03-09,SKU_01,34,32.00349705663271
2024-03-10,SKU_01,31,32.03423168995734
2024-03-11,SKU_01,24,23.232194964259648
2024-03-12,SKU_01,22,21.59803268139646
2024-03-13,SKU_01,13,21.63001241818484
2024-03-14,SKU_01,17,23.257275048297885
2024-03-15,SKU_01,25,22.549464711132142
2024-03-16,SKU_01,36,31.39371937385887
2024-03-17,SKU_01,33,33.60458781302639
2024-03-18,SKU_01,26,23.188097305201236
2024-03-19,SKU_01,16,24.13479155188024
2024-03-20,SKU_01,20,21.683053344179648
2024-03-21,SKU_01,27,23.93905141770621
2024-03-22,SKU_01,32,24.532581868586515
2024-03-23,SKU_01,28,32.58565550828794
2024-03-24,SKU_01,30,33.05119603071326
2024-03-25,SKU_01,41,40.647176166022874
2024-03-26,SKU_01,25,25.500866225893574
2024-03-27,SKU_01,23,24.581210789302997
2024-03-28,SKU_01,33,25.762624934281803
2024-03-29,SKU_01,24,25.201929708959756
2024-03-30,SKU_01,38,35.12198155785221
2024-03-31,SKU_01,36,35.09316820642746
2024-04-01,SKU_01,29,27.40161732852735
2024-04-02,SKU_01,23,26.143103168328185
2024-04-03,SKU_01,30,24.767594967714032
2024-04-04,SKU_01,24,29.447590325625484
2024-04-05,SKU_01,38,27.75878234232977
2024-04-06,SKU_01,36,37.1318193949118
2024-04-07,SKU_01,40,37.9659483023713
2024-04-08,SKU_01,26,28.722826386709723
2024-04-09,SKU_01,27,28.70004327193489
2024-04-10,SKU_01,44,44.662926966611444
2024-04-11,SKU_01,33,27.522699995385075
2024-04-12,SKU_01,36,28.129482014547975
2024-04-13,SKU_01,41,39.626829866182234
2024-04-14,SKU_01,58,55.87654945299725
2024-04-15,SKU_01,29,29.571076061823415
2024-04-16,SKU_01,16,30.128047578290968
2024-04-17,SKU_01,28,28.765878416196575
2024-04-18,SKU_01,31,29.439254298135534
2024-04-19,SKU_01,34,28.89129034994332
2024-04-20,SKU_01,44,40.01948692284926
2024-04-21,SKU_01,44,40.77851983479596
2024-04-22,SKU_01,35,31.47151946011768
2024-04-23,SKU_01,36,30.140163144338338
2024-04-24,SKU_01,26,29.218991701988873
2024-04-25,SKU_01,28,30.042427237060036
2024-04-26,SKU_01,29,27.534028870050236
2024-04-27,SKU_01,46,40.01020799814693
2024-04-28,SKU_01,35,38.631375794614684
2024-04-29,SKU_01,30,31.017215089568477
2024-04-30,SKU_01,25,30.055572946219517
2024-05-01,SKU_01,39,45.928637939028306
2024-05-02,SKU_01,27,26.978251479999564
2024-05-03,SKU_01,28,28.543901085493765
2024-05-04,SKU_01,43,38.74956481219297
2024-05-05,SKU_01,36,38.83932713911395
2024-05-06,SKU_01,26,28.48519908455244
2024-05-07,SKU_01,33,27.920424614152935
2024-05-08,SKU_01,29,27.09344721561623
2024-05-09,SKU_01,24,29.165432543462938
2024-05-10,SKU_01,22,26.119936188807998
2024-05-11,SKU_01,38,37.23353786298604
2024-05-12,SKU_01,36,36.904432529976575
2024-05-13,SKU_01,24,25.218950850676155
2024-05-14,SKU_01,33,27.11728027075928
2024-05-15,SKU_01,42,41.609015112062565
2024-05-16,SKU_01,32,27.068395102864162
2024-05-17,SKU_01,29,25.14741660097758
2024-05-18,SKU_01,29,34.59351335219474
2024-05-19,SKU_01,42,34.90682785177869
2024-05-20,SKU_01,20,25.65755670800529
2024-05-21,SKU_01,20,24.850564837604892
2024-05-22,SKU_01,20,24.100197175198755
2024-05-23,SKU_01,31,23.66949658307255
2024-05-24,SKU_01,26,23.190001713707368
2024-05-25,SKU_01,28,33.5931898999134
2024-05-26,SKU_01,28,32.86167316209364
2024-05-27,SKU_01,29,25.759490975953245
2024-05-28,SKU_01,26,23.06854435006929
2024-05-29,SKU_01,27,22.894684029519038
2024-05-30,SKU_01,26,23.29297260373054
2024-05-31,SKU_01,30,22.18937551331098
2024-06-01,SKU_01,32,32.26433778072236
2024-06-02,SKU_01,33,32.65768424632923
2024-06-03,SKU_01,16,21.5553794281503
2024-06-04,SKU_01,14,22.272544949394447
2024-06-05,SKU_01,23,21.510441724451898
2024-06-06,SKU_01,32,37.95920564953766
2024-06-07,SKU_01,26,22.747422690813156
2024-06-08,SKU_01,38,32.33522089482587
2024-06-09,SKU_01,25,31.217879080055784
2024-06-10,SKU_01,38,39.84444316991913
2024-06-11,SKU_01,31,21.86613820615572
2024-06-12,SKU_01,21,20.026939332312924
2024-06-13,SKU_01,20,22.496442697050405
2024-06-14,SKU_01,28,20.145248925892957
2024-06-15,SKU_01,30,31.32610642128345
2024-06-16,SKU_01,35,32.05123110834924
2024-06-17,SKU_01,38,38.635595264598656
2024-06-18,SKU_01,20,23.205709743597403
2024-06-19,SKU_01,38,39.399638169467295
2024-06-20,SKU_01,24,25.54297111420709
2024-06-21,SKU_01,25,22.279899139676882
2024-06-22,SKU_01,34,33.13071196238852
2024-06-23,SKU_01,36,33.17218644363301
2024-06-24,SKU_01,25,24.371405578108316
2024-06-25,SKU_01,25,26.682063211657187
2024-06-26,SKU_01,25,25.037486858640964
2024-06-27,SKU_01,47,41.57741281601426
2024-06-28,SKU_01,29,23.229617874106083
2024-06-29,SKU_01,38,33.99736671925679
2024-06-30,SKU_01,31,36.06488762712503
2024-01-01,SKU_02,28,29.847875859514414
2024-01-02,SKU_02,21,30.94961734004081
2024-01-03,SKU_02,25,31.482399227881
2024-01-04,SKU_02,26,30.105511580456962
2024-01-05,SKU_02,29,31.90544958096597
2024-01-06,SKU_02,51,42.40130144401291
2024-01-07,SKU_02,38,43.02734594138219
2024-01-08,SKU_02,32,32.2172362167603
2024-01-09,SKU_02,31,33.562931502172866
2024-01-10,SKU_02,26,31.339127874963086
2024-01-11,SKU_02,37,33.608580500587024
2024-01-12,SKU_02,31,33.552632691351086
2024-01-13,SKU_02,37,41.02834857651146
2024-01-14,SKU_02,62,59.996304981447565
2024-01-15,SKU_02,40,47.65616083842816
2024-01-16,SKU_02,29,33.11166646143372
2024-01-17,SKU_02,36,33.04679685210505
2024-01-18,SKU_02,31,33.00903017706811
2024-01-19,SKU_02,41,33.20914426143318
2024-01-20,SKU_02,48,43.96019930620375
2024-01-21,SKU_02,40,44.94395215628565
2024-01-22,SKU_02,36,33.70044275163555
2024-01-23,SKU_02,31,34.85073575565572
2024-01-24,SKU_02,38,33.25361459858235
2024-01-25,SKU_02,53,48.116984182298694
2024-01-26,SKU_02,30,34.02085222148111
2024-01-27,SKU_02,42,42.23173368470185
2024-01-28,SKU_02,41,44.52643524604101
2024-01-29,SKU_02,34,33.69612000449755
2024-01-30,SKU_02,37,32.82466711131042
2024-01-31,SKU_02,34,33.6018809790107
2024-02-01,SKU_02,42,34.20895890714747
2024-02-02,SKU_02,23,33.45638691529257
2024-02-03,SKU_02,30,42.34179587506055
2024-02-04,SKU_02,38,43.10157211504099
2024-02-05,SKU_02,25,31.738884507978295
2024-02-06,SKU_02,35,32.00444434103828
2024-02-07,SKU_02,34,31.899142167138994
2024-02-08,SKU_02,39,47.280482790928545
2024-02-09,SKU_02,31,31.172593530318053
2024-02-10,SKU_02,38,40.53536722019382
2024-02-11,SKU_02,46,41.23692929945123
2024-02-12,SKU_02,35,30.966887300996756
2024-02-13,SKU_02,35,31.381134484420368
2024-02-14,SKU_02,21,31.117710645099088
2024-02-15,SKU_02,25,30.02112259932975
2024-02-16,SKU_02,34,30.22792111775196
2024-02-17,SKU_02,43,38.43630255282517
2024-02-18,SKU_02,39,38.932528329972314
2024-02-19,SKU_02,26,29.62548696535658
2024-02-20,SKU_02,40,44.07000581033863
2024-02-21,SKU_02,24,27.945347174199707
2024-02-22,SKU_02,29,27.96397959810483
2024-02-23,SKU_02,26,28.377451305456677
2024-02-24,SKU_02,29,37.85728370645518
2024-02-25,SKU_02,42,37.62873457054157
2024-02-26,SKU_02,29,27.70860792602177
2024-02-27,SKU_02,21,27.680901356888008
2024-02-28,SKU_02,16,25.53718025434074
2024-02-29,SKU_02,50,41.97355991056058
2024-03-01,SKU_02,21,27.57642312551186
2024-03-02,SKU_02,40,35.39279379500841
2024-03-03,SKU_02,30,35.7549618694052
2024-03-04,SKU_02,11,24.97317662062707
2024-03-05,SKU_02,32,25.75890309245379
2024-03-06,SKU_02,27,25.962148888713823
2024-03-07,SKU_02,22,27.718749699365894
2024-03-08,SKU_02,26,26.990165562748043
2024-03-09,SKU_02,37,34.59514588579857
2024-03-10,SKU_02,32,35.94573697412006
2024-03-11,SKU_02,46,41.58412287847883
2024-03-12,SKU_02,35,25.79531733938534
2024-03-13,SKU_02,37,25.409009066731898
2024-03-14,SKU_02,34,27.29840680074377
2024-03-15,SKU_02,30,27.372180073682017
2024-03-16,SKU_02,42,36.61325400224015
2024-03-17,SKU_02,40,38.22116776360488
2024-03-18,SKU_02,18,26.45789378777767
2024-03-19,SKU_02,44,43.156384783058144
2024-03-20,SKU_02,33,27.470299628753185
2024-03-21,SKU_02,22,25.06150209228627
2024-03-22,SKU_02,20,27.597714235540565
2024-03-23,SKU_02,42,37.763073657057156
2024-03-24,SKU_02,31,37.979630222296215
2024-03-25,SKU_02,27,28.81734165497161
2024-03-26,SKU_02,33,28.01858035530451
2024-03-27,SKU_02,33,29.933513446341017
2024-03-28,SKU_02,28,28.340518294924088
2024-03-29,SKU_02,22,30.7404010293231
2024-03-30,SKU_02,42,41.807471082783955
2024-03-31,SKU_02,30,39.65685523226281
2024-04-01,SKU_02,26,30.623983317587456
2024-04-02,SKU_02,33,31.350463171404357
2024-04-03,SKU_02,32,29.423729815369377
2024-04-04,SKU_02,35,31.21367668895359
2024-04-05,SKU_02,39,32.71035968985467
2024-04-06,SKU_02,41,40.82597469852372
2024-04-07,SKU_02,53,41.101223599406254
2024-04-08,SKU_02,34,31.147120502268006
2024-04-09,SKU_02,32,32.262002528776584
2024-04-10,SKU_02,34,29.789049764168215
2024-04-11,SKU_02,38,34.605512620157405
2024-04-12,SKU_02,32,31.34873230660106
2024-04-13,SKU_02,36,40.951199288092496
2024-04-14,SKU_02,46,43.630672898592216
2024-04-15,SKU_02,52,49.331457369537
2024-04-16,SKU_02,38,33.60086599115027
2024-04-17,SKU_02,38,31.70818519514136
2024-04-18,SKU_02,35,32.42147452515136
2024-04-19,SKU_02,31,34.97042514679095
2024-04-20,SKU_02,48,44.49825478894776
2024-04-21,SKU_02,36,43.91300822696354
2024-04-22,SKU_02,36,34.741361451929755
2024-04-23,SKU_02,30,34.73731677785764
2024-04-24,SKU_02,37,34.26532858047315
2024-04-25,SKU_02,41,33.87646187942963
2024-04-26,SKU_02,40,34.82236052895416
2024-04-27,SKU_02,46,42.73069348968829
2024-04-28,SKU_02,40,42.66876551501804
2024-04-29,SKU_02,37,33.41930792139876
2024-04-30,SKU_02,35,34.535048659745364
2024-05-01,SKU_02,37,33.15711084786072
2024-05-02,SKU_02,35,33.21877350257684
2024-05-03,SKU_02,34,33.384280744581815
2024-05-04,SKU_02,39,41.67761407659516
2024-05-05,SKU_02,43,44.018095749745946
2024-05-06,SKU_02,30,32.933588253052726
2024-05-07,SKU_02,33,34.10779300492322
2024-05-08,SKU_02,29,32.709780360177426
2024-05-09,SKU_02,30,31.49464450170785
2024-05-10,SKU_02,36,31.670922945588444
2024-05-11,SKU_02,43,41.176710478332815
2024-05-12,SKU_02,55,41.57020276240638
2024-05-13,SKU_02,35,30.98674342150166
2024-05-14,SKU_02,27,29.55335443820711
2024-05-15,SKU_02,30,28.596610579591715
2024-05-16,SKU_02,22,29.24664263117114
2024-05-17,SKU_02,32,30.38380221759857
2024-05-18,SKU_02,38,39.95355352588951
2024-05-19,SKU_02,43,39.25069397041471
2024-05-20,SKU_02,26,29.19857453771492
2024-05-21,SKU_02,35,28.284091413737123
2024-05-22,SKU_02,22,28.40496144860693
2024-05-23,SKU_02,24,27.911296339881808
2024-05-24,SKU_02,39,42.523801892013246
2024-05-25,SKU_02,40,37.59620983556897
2024-05-26,SKU_02,32,35.56525036243174
2024-05-27,SKU_02,23,28.375601886457797
2024-05-28,SKU_02,12,25.998885034592252
2024-05-29,SKU_02,23,27.350066973731415
2024-05-30,SKU_02,17,25.533345065041406
2024-05-31,SKU_02,24,26.290754189396182
2024-06-01,SKU_02,44,36.51566465845568
2024-06-02,SKU_02,41,38.24764752520101
2024-06-03,SKU_02,25,25.15021958734115
2024-06-04,SKU_02,18,25.123600052194206
2024-06-05,SKU_02,31,26.501291405442537
2024-06-06,SKU_02,18,25.76556366095213
2024-06-07,SKU_02,24,26.964795853759615
2024-06-08,SKU_02,26,35.66469349150617
2024-06-09,SKU_02,25,36.447044592516455
2024-06-10,SKU_02,27,25.66399856433946
2024-06-11,SKU_02,28,27.047854708279115
2024-06-12,SKU_02,43,41.299458191756734
2024-06-13,SKU_02,17,24.644509811873274
2024-06-14,SKU_02,35,28.036500260455412
2024-06-15,SKU_02,33,35.669479099212424
2024-06-16,SKU_02,31,34.513644736487585
2024-06-17,SKU_02,20,25.95294221938151
2024-06-18,SKU_02,31,28.121602498878655
2024-06-19,SKU_02,27,26.730828570531507
2024-06-20,SKU_02,27,25.85758674514522
2024-06-21,SKU_02,20,28.042622754988034
2024-06-22,SKU_02,54,53.29377104551295
2024-06-23,SKU_02,35,38.732304107458624
2024-06-24,SKU_02,24,26.300806532227796
2024-06-25,SKU_02,52,44.83623859974392
2024-06-26,SKU_02,28,29.66394007965096
2024-06-27,SKU_02,34,28.085574575788087
2024-06-28,SKU_02,23,28.939836894329705
2024-06-29,SKU_02,42,39.348443623671834
2024-06-30,SKU_02,38,40.23975600760444
2024-01-01,SKU_03,49,57.150573237868734
2024-01-02,SKU_03,48,56.26327279804816
2024-01-03,SKU_03,60,57.805362467639554
2024-01-04,SKU_03,56,58.95413085031826
2024-01-05,SKU_03,47,57.14536126139181
2024-01-06,SKU_03,71,65.3369792435457
2024-01-07,SKU_03,57,67.70049324511834
2024-01-08,SKU_03,48,57.69829030806425
2024-01-09,SKU_03,57,57.50332984674927
2024-01-10,SKU_03,55,59.22863632538904
2024-01-11,SKU_03,63,59.72411106550368
2024-01-12,SKU_03,45,58.4741435095598
2024-01-13,SKU_03,82,69.94621552357658
2024-01-14,SKU_03,70,69.89848524170614
2024-01-15,SKU_03,58,60.23442462098729
2024-01-16,SKU_03,62,58.130873499906365
2024-01-17,SKU_03,69,74.80041334628321
2024-01-18,SKU_03,60,61.35117960380768
2024-01-19,SKU_03,57,60.83606618447285
2024-01-20,SKU_03,62,68.97811983369496
2024-01-21,SKU_03,68,70.80270653812394
2024-01-22,SKU_03,60,60.159110298659556
2024-01-23,SKU_03,58,58.88388212444635
2024-01-24,SKU_03,74,61.62799961897268
2024-01-25,SKU_03,66,61.926394237618794
2024-01-26,SKU_03,58,60.609760275433864
2024-01-27,SKU_03,68,69.11849255604955
2024-01-28,SKU_03,63,69.573644959043
2024-01-29,SKU_03,57,58.69553366659492
2024-01-30,SKU_03,60,59.269860549748834
2024-01-31,SKU_03,55,61.74573291906773
2024-02-01,SKU_03,63,59.649633759755254
2024-02-02,SKU_03,71,75.65508299232279
2024-02-03,SKU_03,70,69.12289826217649
2024-02-04,SKU_03,63,68.74372427096291
2024-02-05,SKU_03,55,58.00655266670805
2024-02-06,SKU_03,62,58.74584897960401
2024-02-07,SKU_03,52,57.258627669172135
2024-02-08,SKU_03,64,59.40184171047648
2024-02-09,SKU_03,58,57.618606712928596
2024-02-10,SKU_03,73,66.58782205097509
2024-02-11,SKU_03,83,82.57094786493897
2024-02-12,SKU_03,56,57.73242431184618
2024-02-13,SKU_03,61,55.94483420722862
2024-02-14,SKU_03,56,55.387134036278034
2024-02-15,SKU_03,59,56.21428154692659
2024-02-16,SKU_03,52,55.93980115855705
2024-02-17,SKU_03,78,79.94890273199894
2024-02-18,SKU_03,61,64.74714893050559
2024-02-19,SKU_03,44,54.484675263893664
2024-02-20,SKU_03,60,52.212801421547525
2024-02-21,SKU_03,58,53.085763187855406
2024-02-22,SKU_03,50,55.40318886717228
2024-02-23,SKU_03,41,51.69276426270895
2024-02-24,SKU_03,71,62.122797233526825
2024-02-25,SKU_03,63,62.362949775442836
2024-02-26,SKU_03,54,54.1919399858362
2024-02-27,SKU_03,55,51.77219878709559
2024-02-28,SKU_03,51,51.32863590035994
2024-02-29,SKU_03,56,52.9198690223141
2024-03-01,SKU_03,58,52.278480941367846
2024-03-02,SKU_03,61,60.94029028761382
2024-03-03,SKU_03,55,59.27150857798488
2024-03-04,SKU_03,54,51.24675474036916
2024-03-05,SKU_03,53,50.84870273419658
2024-03-06,SKU_03,52,51.04873315935101
2024-03-07,SKU_03,48,52.53934074167909
2024-03-08,SKU_03,49,50.99084985836032
2024-03-09,SKU_03,55,61.00845925481019
2024-03-10,SKU_03,59,60.50844937239676
2024-03-11,SKU_03,55,52.875091091287864
2024-03-12,SKU_03,53,49.94299593821147
2024-03-13,SKU_03,46,50.76685947004151
2024-03-14,SKU_03,48,52.95293126121796
2024-03-15,SKU_03,50,50.86632277097145
2024-03-16,SKU_03,52,61.05144519844472
2024-03-17,SKU_03,56,61.93831528259394
2024-03-18,SKU_03,62,52.79215394117511
2024-03-19,SKU_03,60,53.644777848058254
2024-03-20,SKU_03,52,52.67499769455123
2024-03-21,SKU_03,47,54.1723118599132
2024-03-22,SKU_03,53,53.10867736731141
2024-03-23,SKU_03,57,64.10004799630379
2024-03-24,SKU_03,66,66.5341463726113
2024-03-25,SKU_03,52,54.16079221552886
2024-03-26,SKU_03,43,54.185910841835366
2024-03-27,SKU_03,58,54.33268005077321
2024-03-28,SKU_03,63,54.9481889679009
2024-03-29,SKU_03,49,55.672538305056676
2024-03-30,SKU_03,67,64.49515409928415
2024-03-31,SKU_03,67,66.62530632988272
2024-04-01,SKU_03,56,56.90937481220855
2024-04-02,SKU_03,59,56.571282629234
2024-04-03,SKU_03,56,57.105177858376315
2024-04-04,SKU_03,55,57.1614266201346
2024-04-05,SKU_03,57,57.58263950182398
2024-04-06,SKU_03,82,82.37165297120397
2024-04-07,SKU_03,83,83.69393761978463
2024-04-08,SKU_03,50,58.12794572065804
2024-04-09,SKU_03,63,60.1009383799631
2024-04-10,SKU_03,57,59.06265135459945
2024-04-11,SKU_03,59,59.85179128071238
2024-04-12,SKU_03,59,59.97830022498294
2024-04-13,SKU_03,86,83.76177738580283
2024-04-14,SKU_03,82,70.35124617502962
2024-04-15,SKU_03,46,60.72357375836004
2024-04-16,SKU_03,76,74.4810671141195
2024-04-17,SKU_03,64,60.758570356554394
2024-04-18,SKU_03,60,61.95447400144735
2024-04-19,SKU_03,50,61.444554339231125
2024-04-20,SKU_03,66,71.56809756305013
2024-04-21,SKU_03,74,69.95199644059291
2024-04-22,SKU_03,52,60.735602292292256
2024-04-23,SKU_03,44,59.981389651676935
2024-04-24,SKU_03,62,61.375947580603444
2024-04-25,SKU_03,66,61.02057448220165
2024-04-26,SKU_03,57,59.292212105278836
2024-04-27,SKU_03,79,85.75888353415314
2024-04-28,SKU_03,69,69.0730920486049
2024-04-29,SKU_03,52,61.39202585232066
2024-04-30,SKU_03,63,58.63460843567738
2024-05-01,SKU_03,58,61.20324647957184
2024-05-02,SKU_03,64,62.04275245277576
2024-05-03,SKU_03,60,62.147546195607596
2024-05-04,SKU_03,75,70.25298257958282
2024-05-05,SKU_03,64,68.27829175195612
2024-05-06,SKU_03,58,60.221419246597364
2024-05-07,SKU_03,63,57.78608082436974
2024-05-08,SKU_03,53,57.675000398404684
2024-05-09,SKU_03,60,59.470944445694855
2024-05-10,SKU_03,59,56.523673255654394
2024-05-11,SKU_03,65,66.778570367597
2024-05-12,SKU_03,61,68.21534386823602
2024-05-13,SKU_03,51,58.79700348105329
2024-05-14,SKU_03,54,55.494769850510885
2024-05-15,SKU_03,56,57.60073280356033
2024-05-16,SKU_03,50,56.86100634743381
2024-05-17,SKU_03,53,55.65054324983896
2024-05-18,SKU_03,66,64.33302904609577
2024-05-19,SKU_03,69,65.39607374049375
2024-05-20,SKU_03,54,55.21203633759716
2024-05-21,SKU_03,58,54.57797240459207
2024-05-22,SKU_03,48,55.42228332523151
2024-05-23,SKU_03,59,54.34499518181334
2024-05-24,SKU_03,55,53.95672907708964
2024-05-25,SKU_03,71,77.40738018534542
2024-05-26,SKU_03,90,80.02574209817874
2024-05-27,SKU_03,48,52.74500887587468
2024-05-28,SKU_03,55,53.67179951016836
2024-05-29,SKU_03,51,51.485654144820316
2024-05-30,SKU_03,53,52.68433045220374
2024-05-31,SKU_03,49,52.54791053503564
2024-06-01,SKU_03,61,61.35989380172836
2024-06-02,SKU_03,57,60.5678381137792
2024-06-03,SKU_03,47,52.9210826187183
2024-06-04,SKU_03,48,51.08358458938819
2024-06-05,SKU_03,52,52.57125976072639
2024-06-06,SKU_03,59,52.097013743373594
2024-06-07,SKU_03,52,51.79793096049408
2024-06-08,SKU_03,75,61.9338326468815
2024-06-09,SKU_03,56,62.26572008797441
2024-06-10,SKU_03,50,51.62316259994466
2024-06-11,SKU_03,46,51.024906241966605
2024-06-12,SKU_03,57,54.38258385950597
2024-06-13,SKU_03,62,53.75064764844005
2024-06-14,SKU_03,53,53.09066859637752
2024-06-15,SKU_03,64,63.30085154077693
2024-06-16,SKU_03,51,62.275434081818524
2024-06-17,SKU_03,59,53.99305967050875
2024-06-18,SKU_03,55,52.630488640032645
2024-06-19,SKU_03,46,52.2278205309122
2024-06-20,SKU_03,54,55.94390401030326
2024-06-21,SKU_03,56,54.00840961342066
2024-06-22,SKU_03,80,78.06372222825256
2024-06-23,SKU_03,62,66.18007847535624
2024-06-24,SKU_03,55,56.26614261534749
2024-06-25,SKU_03,65,53.99277189919462
2024-06-26,SKU_03,61,56.978920720014145
2024-06-27,SKU_03,56,56.795109103782096
2024-06-28,SKU_03,56,56.96551454935013
2024-06-29,SKU_03,72,79.23608209529247
2024-06-30,SKU_03,69,68.74532973238476
2024-01-01,SKU_04,18,21.975065181617296
2024-01-02,SKU_04,19,21.770166159904736
2024-01-03,SKU_04,20,21.060697158293948
2024-01-04,SKU_04,41,40.41963979391211
2024-01-05,SKU_04,12,23.088646579271305
2024-01-06,SKU_04,31,33.632080551990924
2024-01-07,SKU_04,32,35.05473885963893
2024-01-08,SKU_04,25,26.47938274362454
2024-01-09,SKU_04,17,26.008531570345934
2024-01-10,SKU_04,36,40.82613709382568
2024-01-11,SKU_04,24,26.960998814400764
2024-01-12,SKU_04,29,27.252026453504758
2024-01-13,SKU_04,30,35.88660025680321
2024-01-14,SKU_04,33,35.95018273116039
2024-01-15,SKU_04,26,27.044058400574357
2024-01-16,SKU_04,34,27.244074806541462
2024-01-17,SKU_04,21,27.444884507944124
2024-01-18,SKU_04,37,27.50136813324673
2024-01-19,SKU_04,28,28.055982437090023
2024-01-20,SKU_04,35,36.49815588787268
2024-01-21,SKU_04,29,36.129368842456216
2024-01-22,SKU_04,18,27.321660692463894
2024-01-23,SKU_04,20,26.870440939614863
2024-01-24,SKU_04,25,26.756816610412173
2024-01-25,SKU_04,19,26.65222794050158
2024-01-26,SKU_04,19,26.646143538537327
2024-01-27,SKU_04,40,38.50948393025087
2024-01-28,SKU_04,33,37.95375371716237
2024-01-29,SKU_04,27,27.065292159411754
2024-01-30,SKU_04,24,25.852368409366242
2024-01-31,SKU_04,19,25.513544562545757
2024-02-01,SKU_04,22,26.231545931696363
2024-02-02,SKU_04,22,26.36075637904933
2024-02-03,SKU_04,35,35.83367767660423
2024-02-04,SKU_04,32,35.069100815192044
2024-02-05,SKU_04,32,25.18387695617617
2024-02-06,SKU_04,20,24.135992893109126
2024-02-07,SKU_04,31,28.261544052742106
2024-02-08,SKU_04,42,40.64833382735038
2024-02-09,SKU_04,20,25.326312294190405
2024-02-10,SKU_04,38,35.13074670290773
2024-02-11,SKU_04,30,32.589494138037125
2024-02-12,SKU_04,21,20.750132040458492
2024-02-13,SKU_04,20,23.690353076186103
2024-02-14,SKU_04,17,22.114449703523547
2024-02-15,SKU_04,24,22.05122776693445
2024-02-16,SKU_04,12,23.196210873013015
2024-02-17,SKU_04,33,32.968591013185815
2024-02-18,SKU_04,35,32.32921426912138
2024-02-19,SKU_04,21,20.520341905759217
2024-02-20,SKU_04,20,20.560105654288844
2024-02-21,SKU_04,2,20.563877456096986
2024-02-22,SKU_04,17,20.491305684117897
2024-02-23,SKU_04,26,20.519603666893
2024-02-24,SKU_04,32,28.80459747301878
2024-02-25,SKU_04,27,29.724519586474408
2024-02-26,SKU_04,27,18.94388010057547
2024-02-27,SKU_04,13,19.45060129201594
2024-02-28,SKU_04,23,19.46137612771275
2024-02-29,SKU_04,23,17.443177629477354
2024-03-01,SKU_04,16,16.949107997635625
2024-03-02,SKU_04,23,27.144545192771464
2024-03-03,SKU_04,21,28.027607322850788
2024-03-04,SKU_04,34,31.875684519616932
2024-03-05,SKU_04,23,16.36412346088374
2024-03-06,SKU_04,24,17.794227387063458
2024-03-07,SKU_04,12,18.89848188374316
2024-03-08,SKU_04,19,17.619389722173644
2024-03-09,SKU_04,27,27.006205575416953
2024-03-10,SKU_04,33,30.30641468047745
2024-03-11,SKU_04,32,32.61702175920159
2024-03-12,SKU_04,14,17.70065390287867
2024-03-13,SKU_04,25,18.825692319152346
2024-03-14,SKU_04,30,33.45913219692908
2024-03-15,SKU_04,44,31.66542035118291
2024-03-16,SKU_04,34,29.57355740590552
2024-03-17,SKU_04,30,30.001545583038535
2024-03-18,SKU_04,25,18.799450947117307
2024-03-19,SKU_04,21,17.982167530614603
2024-03-20,SKU_04,15,20.460098384084816
2024-03-21,SKU_04,24,18.884607046576413
2024-03-22,SKU_04,20,19.59949269317373
2024-03-23,SKU_04,36,29.83244134169467
2024-03-24,SKU_04,27,29.306399910374537
2024-03-25,SKU_04,17,18.66502266557997
2024-03-26,SKU_04,27,35.562067628560776
2024-03-27,SKU_04,21,20.89344658348962
2024-03-28,SKU_04,31,21.907032829994296
2024-03-29,SKU_04,21,22.239520628963085
2024-03-30,SKU_04,33,32.3098137626454
2024-03-31,SKU_04,33,32.23892102548183
2024-04-01,SKU_04,23,21.87822821126502
2024-04-02,SKU_04,21,22.796197708959433
2024-04-03,SKU_04,26,23.861877247067756
2024-04-04,SKU_04,23,24.66596537522405
2024-04-05,SKU_04,24,24.78414934099801
2024-04-06,SKU_04,31,34.68714941274895
2024-04-07,SKU_04,42,36.51870922516256
2024-04-08,SKU_04,21,24.199277995919672
2024-04-09,SKU_04,28,25.454217789620966
2024-04-10,SKU_04,35,40.26409406796319
2024-04-11,SKU_04,25,23.183375630113904
2024-04-12,SKU_04,21,24.62781757879266
2024-04-13,SKU_04,40,37.510153124461425
2024-04-14,SKU_04,47,38.485522780256524
2024-04-15,SKU_04,27,29.374444451829827
2024-04-16,SKU_04,27,26.28480822751055
2024-04-17,SKU_04,24,26.265782169612176
2024-04-18,SKU_04,28,27.414681950735677
2024-04-19,SKU_04,26,27.862945290445435
2024-04-20,SKU_04,30,36.39979175379311
2024-04-21,SKU_04,32,35.69699531329142
2024-04-22,SKU_04,23,25.756267855987367
2024-04-23,SKU_04,21,27.762015962448384
2024-04-24,SKU_04,26,28.089440833087153
2024-04-25,SKU_04,30,27.80418581817383
2024-04-26,SKU_04,41,41.96533652611025
2024-04-27,SKU_04,34,37.31402872265117
2024-04-28,SKU_04,37,36.89279240640783
2024-04-29,SKU_04,48,42.865336545827105
2024-04-30,SKU_04,31,25.310514847382667
2024-05-01,SKU_04,26,26.481819138378036
2024-05-02,SKU_04,34,41.95118496767061
2024-05-03,SKU_04,32,26.056712035892055
2024-05-04,SKU_04,60,48.95783150876828
2024-05-05,SKU_04,34,34.008847030342224
2024-05-06,SKU_04,25,23.91492600545209
2024-05-07,SKU_04,29,26.177834471511968
2024-05-08,SKU_04,28,24.043616565165493
2024-05-09,SKU_04,31,39.4379594876377
2024-05-10,SKU_04,35,25.566445619818744
2024-05-11,SKU_04,31,34.32385405368007
2024-05-12,SKU_04,36,33.15503191989749
2024-05-13,SKU_04,21,24.200407024931348
2024-05-14,SKU_04,27,24.436463776523375
2024-05-15,SKU_04,24,23.44319996097844
2024-05-16,SKU_04,40,36.334346520058006
2024-05-17,SKU_04,18,20.981034300214905
2024-05-18,SKU_04,41,31.87168278331723
2024-05-19,SKU_04,28,31.864078945442976
2024-05-20,SKU_04,24,20.90046368368183
2024-05-21,SKU_04,22,21.53534589339849
2024-05-22,SKU_04,31,20.114331419849858
2024-05-23,SKU_04,16,20.542298523049922
2024-05-24,SKU_04,17,19.61107234188894
2024-05-25,SKU_04,49,45.85202165558345
2024-05-26,SKU_04,34,29.038040025089867
2024-05-27,SKU_04,19,18.513984170069143
2024-05-28,SKU_04,14,17.6951549045311
2024-05-29,SKU_04,41,35.98160829552508
2024-05-30,SKU_04,11,16.53937727809057
2024-05-31,SKU_04,17,16.856238419033904
2024-06-01,SKU_04,36,27.77735795103492
2024-06-02,SKU_04,37,27.622706571048013
2024-06-03,SKU_04,29,17.321522117454904
2024-06-04,SKU_04,16,17.025023095928525
2024-06-05,SKU_04,23,19.12921709654786
2024-06-06,SKU_04,16,16.34240499379577
2024-06-07,SKU_04,15,17.05963744187001
2024-06-08,SKU_04,27,27.8626720022722
2024-06-09,SKU_04,38,42.826919853840174
2024-06-10,SKU_04,36,30.526914506627577
2024-06-11,SKU_04,24,18.727542460332568
2024-06-12,SKU_04,31,33.32073073335034
2024-06-13,SKU_04,13,17.22058293172307
2024-06-14,SKU_04,24,17.935524634223146
2024-06-15,SKU_04,34,27.662514593383143
2024-06-16,SKU_04,28,27.216264413090077
2024-06-17,SKU_04,16,18.789445632295095
2024-06-18,SKU_04,37,32.521031591476515
2024-06-19,SKU_04,32,19.739292493893693
2024-06-20,SKU_04,26,20.681767169416844
2024-06-21,SKU_04,14,17.019835676347014
2024-06-22,SKU_04,19,28.93175137370154
2024-06-23,SKU_04,49,45.412310759201404
2024-06-24,SKU_04,10,19.12024209155532
2024-06-25,SKU_04,19,19.7457931511832
2024-06-26,SKU_04,21,21.654457730624717
2024-06-27,SKU_04,22,22.007233759215886
2024-06-28,SKU_04,17,22.78471946449767
2024-06-29,SKU_04,50,47.1364026585988
2024-06-30,SKU_04,56,48.06796535304637
2024-01-01,SKU_05,61,53.314163704459276
2024-01-02,SKU_05,56,55.34102779947129
2024-01-03,SKU_05,55,54.909962047805095
2024-01-04,SKU_05,57,53.82653587142924
2024-01-05,SKU_05,59,54.7561610171593
2024-01-06,SKU_05,63,67.67371555313002
2024-01-07,SKU_05,64,66.21850451228163
2024-01-08,SKU_05,77,73.65588703335645
2024-01-09,SKU_05,58,57.92316288546819
2024-01-10,SKU_05,59,55.911495198106635
2024-01-11,SKU_05,70,71.90453215395233
2024-01-12,SKU_05,53,54.829125291977896
2024-01-13,SKU_05,72,69.71956232136142
2024-01-14,SKU_05,80,82.02988336321263
2024-01-15,SKU_05,60,58.46627246871601
2024-01-16,SKU_05,54,56.03590372084588
2024-01-17,SKU_05,53,57.27778211603802
2024-01-18,SKU_05,57,57.17748074918021
2024-01-19,SKU_05,58,56.94753152476583
2024-01-20,SKU_05,59,69.23467631562104
2024-01-21,SKU_05,92,82.42128033335618
2024-01-22,SKU_05,70,60.884187582096104
2024-01-23,SKU_05,53,58.041080654710335
2024-01-24,SKU_05,62,58.99837925772256
2024-01-25,SKU_05,61,56.07385558784125
2024-01-26,SKU_05,55,56.07964281178298
2024-01-27,SKU_05,62,69.79238606394954
2024-01-28,SKU_05,73,67.64852137909669
2024-01-29,SKU_05,75,73.97486611247152
2024-01-30,SKU_05,64,56.975855293348125
2024-01-31,SKU_05,55,57.77562815044338
2024-02-01,SKU_05,56,54.93349396615358
2024-02-02,SKU_05,54,56.34220651950069
2024-02-03,SKU_05,65,68.78657029486845
2024-02-04,SKU_05,66,66.0463328249353
2024-02-05,SKU_05,58,56.662280590549045
2024-02-06,SKU_05,62,57.056624963927455
2024-02-07,SKU_05,49,54.795580137713905
2024-02-08,SKU_05,61,54.183994971724914
2024-02-09,SKU_05,52,54.140570738104365
2024-02-10,SKU_05,61,66.04772591155377
2024-02-11,SKU_05,67,65.684874252839
2024-02-12,SKU_05,42,55.66555861511464
2024-02-13,SKU_05,59,53.693512891677884
2024-02-14,SKU_05,56,55.166028667847996
2024-02-15,SKU_05,49,51.15983456883545
2024-02-16,SKU_05,59,51.29335071411412
2024-02-17,SKU_05,76,77.98098422961048
2024-02-18,SKU_05,68,62.194340020625816
2024-02-19,SKU_05,53,53.980305700257325
2024-02-20,SKU_05,53,50.549919781433026
2024-02-21,SKU_05,47,51.86109914223676
2024-02-22,SKU_05,48,48.926745451308356
2024-02-23,SKU_05,47,49.88671959214055
2024-02-24,SKU_05,59,63.12344305081689
2024-02-25,SKU_05,61,59.70530224215261
2024-02-26,SKU_05,46,51.575743384892455
2024-02-27,SKU_05,52,48.43755176916584
2024-02-28,SKU_05,54,50.3219467929266
2024-02-29,SKU_05,51,46.907517229888434
2024-03-01,SKU_05,48,47.69497518410858
2024-03-02,SKU_05,70,61.281952787922776
2024-03-03,SKU_05,65,59.10804586942952
2024-03-04,SKU_05,60,66.42163284312775
2024-03-05,SKU_05,42,48.58817457588454
2024-03-06,SKU_05,48,50.70418861710523
2024-03-07,SKU_05,49,47.76559479076826
2024-03-08,SKU_05,60,61.152500287665184
2024-03-09,SKU_05,66,75.8603457002591
2024-03-10,SKU_05,49,58.435346474946684
2024-03-11,SKU_05,50,51.18575855847663
2024-03-12,SKU_05,48,48.99769778108361
2024-03-13,SKU_05,48,49.766876233957845
2024-03-14,SKU_05,49,47.83714796310671
2024-03-15,SKU_05,53,50.208589056501964
2024-03-16,SKU_05,58,61.76407215425979
2024-03-17,SKU_05,72,75.13247020913862
2024-03-18,SKU_05,50,51.89202296363257
2024-03-19,SKU_05,47,47.13617936243264
2024-03-20,SKU_05,51,51.832383044319
2024-03-21,SKU_05,49,49.73837344857325
2024-03-22,SKU_05,56,50.46212032282887
2024-03-23,SKU_05,61,60.89108437387916
2024-03-24,SKU_05,81,76.92157073674932
2024-03-25,SKU_05,52,53.361218341166264
2024-03-26,SKU_05,51,51.52795860576422
2024-03-27,SKU_05,63,52.58810431610546
2024-03-28,SKU_05,69,67.61055281187429
2024-03-29,SKU_05,45,52.25717884973218
2024-03-30,SKU_05,54,64.91393106644813
2024-03-31,SKU_05,68,65.63287254145719
2024-04-01,SKU_05,54,54.171127433291446
2024-04-02,SKU_05,58,54.60128798282861
2024-04-03,SKU_05,55,55.267251214691576
2024-04-04,SKU_05,63,52.81456855519004
2024-04-05,SKU_05,60,54.612119110525775
2024-04-06,SKU_05,64,67.4300850380595
2024-04-07,SKU_05,65,66.00491623090127
2024-04-08,SKU_05,50,57.44695387835908
2024-04-09,SKU_05,50,56.02176272109585
2024-04-10,SKU_05,43,56.73030453607137
2024-04-11,SKU_05,59,57.05029450735724
2024-04-12,SKU_05,54,56.50418945004939
2024-04-13,SKU_05,71,68.85713129845118
2024-04-14,SKU_05,59,65.9045667394567
2024-04-15,SKU_05,53,58.07494622878578
2024-04-16,SKU_05,60,55.143369111964766
2024-04-17,SKU_05,58,60.27160290177834
2024-04-18,SKU_05,55,57.087013140052086
2024-04-19,SKU_05,59,58.06246853982282
2024-04-20,SKU_05,70,71.5010755437019
2024-04-21,SKU_05,70,67.5657542888752
2024-04-22,SKU_05,59,60.214362253860635
2024-04-23,SKU_05,64,59.34819389851018
2024-04-24,SKU_05,70,73.3309508005372
2024-04-25,SKU_05,52,56.055947443250375
2024-04-26,SKU_05,59,58.13826184759713
2024-04-27,SKU_05,70,69.23984611322652
2024-04-28,SKU_05,75,82.2838534734534
2024-04-29,SKU_05,77,73.0260577056715
2024-04-30,SKU_05,59,58.941886708872595
2024-05-01,SKU_05,66,58.221203449927515
2024-05-02,SKU_05,56,57.85463258279679
2024-05-03,SKU_05,44,56.99421226100624
2024-05-04,SKU_05,60,68.40193828164689
2024-05-05,SKU_05,63,66.97062741831945
2024-05-06,SKU_05,60,58.61381238361441
2024-05-07,SKU_05,55,55.75669665201052
2024-05-08,SKU_05,70,55.84588578859092
2024-05-09,SKU_05,49,54.33356529865025
2024-05-10,SKU_05,50,54.23085417734456
2024-05-11,SKU_05,61,66.09094522307758
2024-05-12,SKU_05,67,63.66010800708003
2024-05-13,SKU_05,50,55.96829184796363
2024-05-14,SKU_05,54,55.74783043980415
2024-05-15,SKU_05,50,56.33066795870537
2024-05-16,SKU_05,41,53.852796723784614
2024-05-17,SKU_05,54,51.23188234990041
2024-05-18,SKU_05,68,65.99305665088998
2024-05-19,SKU_05,84,78.5794772140562
2024-05-20,SKU_05,63,53.87484765042338
2024-05-21,SKU_05,50,54.234725597872064
2024-05-22,SKU_05,43,53.30042685194766
2024-05-23,SKU_05,49,51.00545399522229
2024-05-24,SKU_05,60,51.31154767941811
2024-05-25,SKU_05,71,79.4018611151617
2024-05-26,SKU_05,65,61.454459671760446
2024-05-27,SKU_05,51,52.61572819648909
2024-05-28,SKU_05,57,65.4432686866449
2024-05-29,SKU_05,39,51.24206260317919
2024-05-30,SKU_05,65,65.43762363743244
2024-05-31,SKU_05,60,50.61003309689908
2024-06-01,SKU_05,65,61.757202207412824
2024-06-02,SKU_05,55,58.520119208506735
2024-06-03,SKU_05,50,50.45845021440809
2024-06-04,SKU_05,53,49.91439569125053
2024-06-05,SKU_05,53,51.14079282748559
2024-06-06,SKU_05,43,48.60891782906785
2024-06-07,SKU_05,47,48.41368043971619
2024-06-08,SKU_05,63,62.0287983565243
2024-06-09,SKU_05,66,58.8700487645864
2024-06-10,SKU_05,47,49.516406877569295
2024-06-11,SKU_05,61,64.62198997969085
2024-06-12,SKU_05,50,48.520215458165445
2024-06-13,SKU_05,51,51.180057200662034
2024-06-14,SKU_05,45,48.56750039307264
2024-06-15,SKU_05,59,61.48087614589687
2024-06-16,SKU_05,72,75.7938765057329
2024-06-17,SKU_05,65,52.62389591917393
2024-06-18,SKU_05,52,51.07964016823035
2024-06-19,SKU_05,56,51.4804382408762
2024-06-20,SKU_05,49,47.80275226736312
2024-06-21,SKU_05,55,48.76211288538356
2024-06-22,SKU_05,55,61.45480398284697
2024-06-23,SKU_05,70,62.76508052785378
2024-06-24,SKU_05,48,52.95115234335854
2024-06-25,SKU_05,49,51.57498858676416
2024-06-26,SKU_05,48,54.32749307695961
2024-06-27,SKU_05,63,52.35242537030661
2024-06-28,SKU_05,81,68.5488694909343
2024-06-29,SKU_05,55,63.99147692845594
2024-06-30,SKU_05,50,63.386317299307265
2024-01-01,SKU_06,32,35.11256083556259
2024-01-02,SKU_06,41,49.7238239780293
2024-01-03,SKU_06,33,34.762737025930896
2024-01-04,SKU_06,35,35.048202188032604
2024-01-05,SKU_06,33,34.13526671666443
2024-01-06,SKU_06,45,43.85441075695752
2024-01-07,SKU_06,34,43.85363356394059
2024-01-08,SKU_06,39,34.46135270120676
2024-01-09,SKU_06,38,35.28632357134384
2024-01-10,SKU_06,40,37.6678609694215
2024-01-11,SKU_06,32,35.61703365667863
2024-01-12,SKU_06,38,35.616497062695885
2024-01-13,SKU_06,49,46.61168690422898
2024-01-14,SKU_06,45,44.02917169357455
2024-01-15,SKU_06,34,37.07584549805541
2024-01-16,SKU_06,31,37.42028474175469
2024-01-17,SKU_06,50,36.539330984714276
2024-01-18,SKU_06,36,36.647186651684706
2024-01-19,SKU_06,41,36.980842706165554
2024-01-20,SKU_06,55,46.94369290339449
2024-01-21,SKU_06,57,46.35446530613208
2024-01-22,SKU_06,36,38.7851659564375
2024-01-23,SKU_06,29,36.53031961236406
2024-01-24,SKU_06,36,35.51029184419069
2024-01-25,SKU_06,40,36.38065178299622
2024-01-26,SKU_06,33,36.014421455802946
2024-01-27,SKU_06,59,48.137501878897126
2024-01-28,SKU_06,51,46.98602994873717
2024-01-29,SKU_06,40,38.619131186980816
2024-01-30,SKU_06,39,34.71287755211708
2024-01-31,SKU_06,42,37.14114780019496
2024-02-01,SKU_06,41,35.24724949222113
2024-02-02,SKU_06,36,34.231690256445255
2024-02-03,SKU_06,34,46.516456706572185
2024-02-04,SKU_06,47,43.734104264275175
2024-02-05,SKU_06,42,35.339375329093095
2024-02-06,SKU_06,34,35.57411798118674
2024-02-07,SKU_06,34,36.01454934100787
2024-02-08,SKU_06,37,33.564941536189544
2024-02-09,SKU_06,31,32.3669004991855
2024-02-10,SKU_06,43,44.91087386709883
2024-02-11,SKU_06,49,45.576934724849636
2024-02-12,SKU_06,30,33.754818831394886
2024-02-13,SKU_06,23,33.68319900845308
2024-02-14,SKU_06,26,34.32876261330682
2024-02-15,SKU_06,32,32.42284231621339
2024-02-16,SKU_06,33,32.31759672052473
2024-02-17,SKU_06,68,59.11451732843757
2024-02-18,SKU_06,42,40.798376394654376
2024-02-19,SKU_06,30,31.134213350111395
2024-02-20,SKU_06,32,30.316089579296452
2024-02-21,SKU_06,39,46.86151968822654
2024-02-22,SKU_06,39,30.16108830861067
2024-02-23,SKU_06,29,29.728530751951478
2024-02-24,SKU_06,40,40.77443177836927
2024-02-25,SKU_06,45,38.31885330593307
2024-02-26,SKU_06,34,29.382560528193526
2024-02-27,SKU_06,39,28.106594002697367
2024-02-28,SKU_06,29,28.588578482946172
2024-02-29,SKU_06,39,45.746956963184175
2024-03-01,SKU_06,33,27.420082322299685
2024-03-02,SKU_06,39,37.42970379746121
2024-03-03,SKU_06,20,37.58203098613412
2024-03-04,SKU_06,17,27.2358749814454
2024-03-05,SKU_06,28,26.28033972946591
2024-03-06,SKU_06,20,27.641444188534663
2024-03-07,SKU_06,36,28.743334583456964
2024-03-08,SKU_06,30,28.737464548155547
2024-03-09,SKU_06,29,37.016637811108446
2024-03-10,SKU_06,34,35.68964162310892
2024-03-11,SKU_06,32,29.8174347311907
2024-03-12,SKU_06,30,28.433280432333
2024-03-13,SKU_06,34,29.630652055042756
2024-03-14,SKU_06,35,28.170283527963388
2024-03-15,SKU_06,33,27.59331851884654
2024-03-16,SKU_06,45,40.052676827677736
2024-03-17,SKU_06,37,36.895472587728264
2024-03-18,SKU_06,21,27.842986810326092
2024-03-19,SKU_06,30,29.44592428515549
2024-03-20,SKU_06,38,46.1584122903665
2024-03-21,SKU_06,35,29.26672532448776
2024-03-22,SKU_06,34,29.84200229867158
2024-03-23,SKU_06,37,40.618144808447155
2024-03-24,SKU_06,39,38.021829794920826
2024-03-25,SKU_06,27,31.70395584920078
2024-03-26,SKU_06,31,30.82800963843208
2024-03-27,SKU_06,35,32.97971753831513
2024-03-28,SKU_06,31,31.597429234238714
2024-03-29,SKU_06,34,33.104161474117774
2024-03-30,SKU_06,73,60.00215860026523
2024-03-31,SKU_06,41,40.708915661696324
2024-04-01,SKU_06,37,35.89212156525579
2024-04-02,SKU_06,38,32.85424417071653
2024-04-03,SKU_06,32,33.4754179459133
2024-04-04,SKU_06,22,31.799173435260084
2024-04-05,SKU_06,32,33.948238612438246
2024-04-06,SKU_06,47,45.57173102074942
2024-04-07,SKU_06,33,43.62644587367937
2024-04-08,SKU_06,31,35.57456808819826
2024-04-09,SKU_06,25,34.60678027948883
2024-04-10,SKU_06,34,34.68820645387028
2024-04-11,SKU_06,49,36.66983167461612
2024-04-12,SKU_06,39,34.65115650234445
2024-04-13,SKU_06,45,48.208605265873004
2024-04-14,SKU_06,53,45.95181634212212
2024-04-15,SKU_06,37,35.96938411720718
2024-04-16,SKU_06,38,36.06686899990655
2024-04-17,SKU_06,29,37.11480715232254
2024-04-18,SKU_06,33,35.98507564613628
2024-04-19,SKU_06,38,37.380602476211784
2024-04-20,SKU_06,50,46.77927681506032
2024-04-21,SKU_06,48,45.4469087578059
2024-04-22,SKU_06,48,37.38644932693191
2024-04-23,SKU_06,42,37.62293136488825
2024-04-24,SKU_06,39,38.28449529371765
2024-04-25,SKU_06,43,38.044204797593906
2024-04-26,SKU_06,31,34.34961722104943
2024-04-27,SKU_06,47,47.626563729490435
2024-04-28,SKU_06,49,45.01996611266644
2024-04-29,SKU_06,37,36.79774379891021
2024-04-30,SKU_06,36,36.193641342002564
2024-05-01,SKU_06,38,35.43803864909412
2024-05-02,SKU_06,45,52.688066587610564
2024-05-03,SKU_06,36,35.140974793118076
2024-05-04,SKU_06,43,47.590088926638174
2024-05-05,SKU_06,43,44.00998336047734
2024-05-06,SKU_06,31,36.32534655438146
2024-05-07,SKU_06,46,34.549868869960704
2024-05-08,SKU_06,33,33.37623715695001
2024-05-09,SKU_06,33,34.35807150112491
2024-05-10,SKU_06,36,34.45513265374285
2024-05-11,SKU_06,38,45.814084702976224
2024-05-12,SKU_06,45,42.970162053485254
2024-05-13,SKU_06,39,34.19450761984047
2024-05-14,SKU_06,44,34.26064512952218
2024-05-15,SKU_06,34,31.875324891230107
2024-05-16,SKU_06,32,33.24882847238891
2024-05-17,SKU_06,27,30.515188864938608
2024-05-18,SKU_06,40,44.02729831288457
2024-05-19,SKU_06,55,56.7037870592701
2024-05-20,SKU_06,25,32.05775882493093
2024-05-21,SKU_06,33,29.619075573189676
2024-05-22,SKU_06,36,28.52213054878401
2024-05-23,SKU_06,24,30.27528137780167
2024-05-24,SKU_06,29,29.49998795524951
2024-05-25,SKU_06,45,39.777397993529625
2024-05-26,SKU_06,38,38.828117527883826
2024-05-27,SKU_06,38,28.89825115748392
2024-05-28,SKU_06,30,29.54739034625678
2024-05-29,SKU_06,25,28.328649885283824
2024-05-30,SKU_06,34,30.584560077259866
2024-05-31,SKU_06,22,27.890964772030998
2024-06-01,SKU_06,40,38.72566998124976
2024-06-02,SKU_06,41,38.37844758305141
2024-06-03,SKU_06,31,29.839464907148127
2024-06-04,SKU_06,29,29.15013254419485
2024-06-05,SKU_06,43,45.559275710768624
2024-06-06,SKU_06,30,28.24831990213795
2024-06-07,SKU_06,22,25.194210593237088
2024-06-08,SKU_06,50,37.146562208716524
2024-06-09,SKU_06,51,53.090798695663366
2024-06-10,SKU_06,27,27.60198544539363
2024-06-11,SKU_06,26,28.935471827135036
2024-06-12,SKU_06,35,28.869203917065807
2024-06-13,SKU_06,25,27.386031234402665
2024-06-14,SKU_06,33,26.26444631838951
2024-06-15,SKU_06,35,36.829431438984265
2024-06-16,SKU_06,29,39.02741995583058
2024-06-17,SKU_06,33,29.97799024279316
2024-06-18,SKU_06,49,45.82888736773524
2024-06-19,SKU_06,31,29.741226512593318
2024-06-20,SKU_06,28,28.05246044964604
2024-06-21,SKU_06,27,29.547170700419127
2024-06-22,SKU_06,58,56.18228999748835
2024-06-23,SKU_06,38,39.72353401414603
2024-06-24,SKU_06,33,31.246708093118215
2024-06-25,SKU_06,31,30.693086253445998
2024-06-26,SKU_06,56,47.830330254499984
2024-06-27,SKU_06,23,30.855229624282202
2024-06-28,SKU_06,27,30.0708165652322
2024-06-29,SKU_06,49,42.59607939620449
2024-06-30,SKU_06,44,43.147456072517826
2024-01-01,SKU_07,37,41.51981456515647
2024-01-02,SKU_07,59,58.35820605199916
2024-01-03,SKU_07,42,44.07446528963973
2024-01-04,SKU_07,38,44.13513101477265
2024-01-05,SKU_07,49,44.22154201000652
2024-01-06,SKU_07,59,53.44892332006674
2024-01-07,SKU_07,54,55.78204926406562
2024-01-08,SKU_07,47,45.26272915765638
2024-01-09,SKU_07,41,47.11169677645022
2024-01-10,SKU_07,48,47.482047921491606
2024-01-11,SKU_07,46,46.60010090313897
2024-01-12,SKU_07,45,45.745405097154816
2024-01-13,SKU_07,57,55.6546288307521
2024-01-14,SKU_07,64,56.55629539268125
2024-01-15,SKU_07,49,47.05468767681983
2024-01-16,SKU_07,50,46.51894267409934
2024-01-17,SKU_07,42,48.02867756879279
2024-01-18,SKU_07,46,49.459159986918635
2024-01-19,SKU_07,51,47.80426578212123
2024-01-20,SKU_07,58,57.98454857105122
2024-01-21,SKU_07,61,56.36198279781258
2024-01-22,SKU_07,49,48.185889341803836
2024-01-23,SKU_07,47,48.574908728041464
2024-01-24,SKU_07,51,48.68129142281394
2024-01-25,SKU_07,47,48.86833257967109
2024-01-26,SKU_07,45,46.959954082544996
2024-01-27,SKU_07,49,57.53081526049968
2024-01-28,SKU_07,57,58.95814944402177
2024-01-29,SKU_07,46,48.40139217926385
2024-01-30,SKU_07,49,46.957733298412606
2024-01-31,SKU_07,66,63.50963470357758
2024-02-01,SKU_07,54,48.7252566849633
2024-02-02,SKU_07,49,45.263708362139525
2024-02-03,SKU_07,55,53.941363681159665
2024-02-04,SKU_07,76,69.85053697269072
2024-02-05,SKU_07,49,44.92910330894216
2024-02-06,SKU_07,47,47.05885080433236
2024-02-07,SKU_07,48,45.48692059240442
2024-02-08,SKU_07,39,44.75590629704351
2024-02-09,SKU_07,45,44.297148212563
2024-02-10,SKU_07,50,54.11160532629483
2024-02-11,SKU_07,50,54.17467757183039
2024-02-12,SKU_07,38,43.925223254514194
2024-02-13,SKU_07,42,44.70265982763824
2024-02-14,SKU_07,36,42.724268651756695
2024-02-15,SKU_07,47,41.5377178944166
2024-02-16,SKU_07,44,41.805946172300324
2024-02-17,SKU_07,60,52.12390014882328
2024-02-18,SKU_07,57,50.50407266855986
2024-02-19,SKU_07,46,42.281485669505464
2024-02-20,SKU_07,60,58.806520531996235
2024-02-21,SKU_07,50,44.424932272904954
2024-02-22,SKU_07,48,42.47161054688656
2024-02-23,SKU_07,37,40.88715100104229
2024-02-24,SKU_07,54,53.05910332103723
2024-02-25,SKU_07,45,50.436790765305574
2024-02-26,SKU_07,43,41.82304828633118
2024-02-27,SKU_07,44,41.15981275466987
2024-02-28,SKU_07,46,40.56750251504727
2024-02-29,SKU_07,31,41.40311500334892
2024-03-01,SKU_07,40,40.47266429044978
2024-03-02,SKU_07,41,49.14110688677449
2024-03-03,SKU_07,47,48.81564469194527
2024-03-04,SKU_07,38,40.69082702058219
2024-03-05,SKU_07,40,39.10221092461031
2024-03-06,SKU_07,39,41.324438295494225
2024-03-07,SKU_07,47,41.43977335817666
2024-03-08,SKU_07,43,39.83542150917282
2024-03-09,SKU_07,46,49.45237418782791
2024-03-10,SKU_07,58,50.73652151330044
2024-03-11,SKU_07,40,40.8717091616529
2024-03-12,SKU_07,42,39.990842384760796
2024-03-13,SKU_07,38,40.59586153168246
2024-03-14,SKU_07,39,38.729707721938226
2024-03-15,SKU_07,47,40.20173981608541
2024-03-16,SKU_07,55,50.10691473694828
2024-03-17,SKU_07,48,51.663705229046876
2024-03-18,SKU_07,40,39.3756670848064
2024-03-19,SKU_07,41,40.24555273766103
2024-03-20,SKU_07,35,40.88322680132893
2024-03-21,SKU_07,41,40.29011820055623
2024-03-22,SKU_07,57,54.63626749297935
2024-03-23,SKU_07,49,52.01113646999099
2024-03-24,SKU_07,56,52.10801781402552
2024-03-25,SKU_07,40,42.89304822908015
2024-03-26,SKU_07,45,42.38066725139981
2024-03-27,SKU_07,44,43.19144479687755
2024-03-28,SKU_07,36,44.30783716178035
2024-03-29,SKU_07,47,43.022123100582306
2024-03-30,SKU_07,59,53.429328026458776
2024-03-31,SKU_07,48,53.25472038559498
2024-04-01,SKU_07,40,43.602023608717914
2024-04-02,SKU_07,46,42.57824356528891
2024-04-03,SKU_07,43,45.069798718929924
2024-04-04,SKU_07,43,45.59934061048327
2024-04-05,SKU_07,39,46.022589508620726
2024-04-06,SKU_07,58,56.26829938456785
2024-04-07,SKU_07,53,55.273405619185546
2024-04-08,SKU_07,35,45.1498668962574
2024-04-09,SKU_07,59,61.04564563961918
2024-04-10,SKU_07,49,47.03000030927176
2024-04-11,SKU_07,43,47.04478866671874
2024-04-12,SKU_07,44,48.65256525331766
2024-04-13,SKU_07,61,56.556046322546905
2024-04-14,SKU_07,56,57.58489991410293
2024-04-15,SKU_07,49,48.32131466846372
2024-04-16,SKU_07,51,48.16215309046492
2024-04-17,SKU_07,38,48.43878372052177
2024-04-18,SKU_07,48,48.919250114047934
2024-04-19,SKU_07,54,48.81949151455925
2024-04-20,SKU_07,57,57.62772741608943
2024-04-21,SKU_07,54,57.6812742629083
2024-04-22,SKU_07,56,47.6888150443004
2024-04-23,SKU_07,72,65.02669366569856
2024-04-24,SKU_07,41,48.59109884209778
2024-04-25,SKU_07,52,48.20482465259437
2024-04-26,SKU_07,48,48.22808701645102
2024-04-27,SKU_07,74,71.63659617024736
2024-04-28,SKU_07,57,57.141145549459615
2024-04-29,SKU_07,54,47.251658653056225
2024-04-30,SKU_07,45,47.377824686222766
2024-05-01,SKU_07,48,47.74621005165531
2024-05-02,SKU_07,47,48.25447095130248
2024-05-03,SKU_07,46,45.65511547692419
2024-05-04,SKU_07,58,57.00493314631619
2024-05-05,SKU_07,56,55.15282419661753
2024-05-06,SKU_07,45,46.11612200344754
2024-05-07,SKU_07,43,47.188793254816545
2024-05-08,SKU_07,56,47.53516419945687
2024-05-09,SKU_07,43,46.85893649515537
2024-05-10,SKU_07,50,45.7686829203841
2024-05-11,SKU_07,57,55.55264631947013
2024-05-12,SKU_07,49,54.2846495501432
2024-05-13,SKU_07,39,44.49755788505138
2024-05-14,SKU_07,41,44.919114934526185
2024-05-15,SKU_07,50,44.1519699405097
2024-05-16,SKU_07,41,44.358404478686346
2024-05-17,SKU_07,48,54.624491486225125
2024-05-18,SKU_07,55,53.53448651190651
2024-05-19,SKU_07,50,54.24728427060993
2024-05-20,SKU_07,43,43.62144195112053
2024-05-21,SKU_07,40,42.35608954656215
2024-05-22,SKU_07,55,57.3081321604474
2024-05-23,SKU_07,36,41.13026992448423
2024-05-24,SKU_07,37,41.24806440123867
2024-05-25,SKU_07,44,48.14647843999356
2024-05-26,SKU_07,66,64.12674165036164
2024-05-27,SKU_07,46,43.03335283689363
2024-05-28,SKU_07,41,40.65317397392304
2024-05-29,SKU_07,40,40.74343958674075
2024-05-30,SKU_07,41,42.53091662574034
2024-05-31,SKU_07,40,40.42765473304906
2024-06-01,SKU_07,54,50.28429216224181
2024-06-02,SKU_07,53,49.54288268920363
2024-06-03,SKU_07,37,39.93086028553685
2024-06-04,SKU_07,39,39.89614744413558
2024-06-05,SKU_07,39,40.61701878033912
2024-06-06,SKU_07,36,41.20905404338504
2024-06-07,SKU_07,31,38.38620906942211
2024-06-08,SKU_07,42,50.087202189872045
2024-06-09,SKU_07,62,64.51822713372117
2024-06-10,SKU_07,37,39.10069988829109
2024-06-11,SKU_07,39,42.55010338923006
2024-06-12,SKU_07,48,40.07607846900976
2024-06-13,SKU_07,33,39.735681647178964
2024-06-14,SKU_07,42,40.89975553396399
2024-06-15,SKU_07,44,50.20346884182038
2024-06-16,SKU_07,56,48.745830755882324
2024-06-17,SKU_07,47,41.358796280879595
2024-06-18,SKU_07,44,42.82597748051076
2024-06-19,SKU_07,35,41.333890072761605
2024-06-20,SKU_07,40,42.73233374950372
2024-06-21,SKU_07,37,40.00517507013888
2024-06-22,SKU_07,63,66.9583281581583
2024-06-23,SKU_07,51,51.27950403063275
2024-06-24,SKU_07,38,42.59794793219646
2024-06-25,SKU_07,47,43.413281501031534
2024-06-26,SKU_07,38,45.21852466553631
2024-06-27,SKU_07,38,42.794781746308765
2024-06-28,SKU_07,53,58.14738675795391
2024-06-29,SKU_07,52,53.52064005236463
2024-06-30,SKU_07,52,55.82454371703161
2024-01-01,SKU_08,28,22.94025633193015
2024-01-02,SKU_08,21,22.414279925009858
2024-01-03,SKU_08,19,24.62722463772923
2024-01-04,SKU_08,25,23.086814142036854
2024-01-05,SKU_08,41,39.58515288528301
2024-01-06,SKU_08,37,35.8272605337268
2024-01-07,SKU_08,35,35.357012949183556
2024-01-08,SKU_08,23,23.940171736658638
2024-01-09,SKU_08,24,24.471247187039197
2024-01-10,SKU_08,24,28.585082279749937
2024-01-11,SKU_08,31,26.293129786339893
2024-01-12,SKU_08,29,27.50902893747231
2024-01-13,SKU_08,42,36.146867046706966
2024-01-14,SKU_08,38,38.59985742189288
2024-01-15,SKU_08,38,41.49184483008541
2024-01-16,SKU_08,30,25.251900084207062
2024-01-17,SKU_08,27,28.687275707431393
2024-01-18,SKU_08,32,26.04531131670097
2024-01-19,SKU_08,27,29.073562858670346
2024-01-20,SKU_08,35,37.58206973403857
2024-01-21,SKU_08,30,37.68390302050841
2024-01-22,SKU_08,39,27.085642135332687
2024-01-23,SKU_08,29,26.757859842729886
2024-01-24,SKU_08,20,29.04482920476374
2024-01-25,SKU_08,32,41.483361704591374
2024-01-26,SKU_08,40,42.70817121183425
2024-01-27,SKU_08,28,37.04517380676782
2024-01-28,SKU_08,41,39.119586716932716
2024-01-29,SKU_08,18,24.733126239120438
2024-01-30,SKU_08,31,25.81940894366535
2024-01-31,SKU_08,31,27.739512688661325
2024-02-01,SKU_08,26,27.632396109689253
2024-02-02,SKU_08,18,26.193983615241237
2024-02-03,SKU_08,46,49.23057167030192
2024-02-04,SKU_08,35,37.599212418256116
2024-02-05,SKU_08,33,25.184845580734752
2024-02-06,SKU_08,18,25.18599186938447
2024-02-07,SKU_08,20,27.142173279371935
2024-02-08,SKU_08,24,24.67778577317486
2024-02-09,SKU_08,24,26.232446085637275
2024-02-10,SKU_08,33,34.970082868604045
2024-02-11,SKU_08,34,35.02039297771154
2024-02-12,SKU_08,21,22.94993912183332
2024-02-13,SKU_08,33,23.275308360593392
2024-02-14,SKU_08,26,25.624134386268057
2024-02-15,SKU_08,22,20.8338927551938
2024-02-16,SKU_08,31,23.93382856659622
2024-02-17,SKU_08,42,31.709055371352648
2024-02-18,SKU_08,32,33.585745227732815
2024-02-19,SKU_08,18,21.105331924462533
2024-02-20,SKU_08,24,20.340398004166076
2024-02-21,SKU_08,13,22.230046965025444
2024-02-22,SKU_08,17,20.375707211285253
2024-02-23,SKU_08,22,23.141552672564174
2024-02-24,SKU_08,23,28.911880724408476
2024-02-25,SKU_08,43,30.829814988949718
2024-02-26,SKU_08,10,19.007224028219657
2024-02-27,SKU_08,12,18.525769556121137
2024-02-28,SKU_08,18,19.586083385589873
2024-02-29,SKU_08,10,18.961225527673577
2024-03-01,SKU_08,22,20.371094171082444
2024-03-02,SKU_08,33,29.201974574337125
2024-03-03,SKU_08,24,30.372566591842553
2024-03-04,SKU_08,20,19.29871613695992
2024-03-05,SKU_08,17,18.19128241666778
2024-03-06,SKU_08,24,21.588244969299115
2024-03-07,SKU_08,15,18.37137334429995
2024-03-08,SKU_08,17,19.085467686526094
2024-03-09,SKU_08,35,28.640702881486728
2024-03-10,SKU_08,27,29.927977138069267
2024-03-11,SKU_08,20,17.806912380214733
2024-03-12,SKU_08,13,19.485918056986545
2024-03-13,SKU_08,22,20.881259383396525
2024-03-14,SKU_08,18,17.84571820444505
2024-03-15,SKU_08,10,20.244703022975592
2024-03-16,SKU_08,18,28.97296336354721
2024-03-17,SKU_08,23,30.5905395887864
2024-03-18,SKU_08,18,20.65386455625499
2024-03-19,SKU_08,15,18.926054571482332
2024-03-20,SKU_08,20,20.94082009270577
2024-03-21,SKU_08,26,21.020165882974933
2024-03-22,SKU_08,26,21.843891478978154
2024-03-23,SKU_08,32,29.816400122590927
2024-03-24,SKU_08,40,31.600773556936794
2024-03-25,SKU_08,37,36.363196560973186
2024-03-26,SKU_08,16,20.30411617488853
2024-03-27,SKU_08,38,37.611133971171725
2024-03-28,SKU_08,17,22.368233814211678
2024-03-29,SKU_08,22,23.13948416319913
2024-03-30,SKU_08,35,32.63194544481642
2024-03-31,SKU_08,28,33.29837237639059
2024-04-01,SKU_08,37,37.1986551364577
2024-04-02,SKU_08,23,20.63401140565336
2024-04-03,SKU_08,31,24.286805088471546
2024-04-04,SKU_08,17,25.78305218773284
2024-04-05,SKU_08,21,25.81821102565289
2024-04-06,SKU_08,36,34.21521732791474
2024-04-07,SKU_08,31,34.93178410087644
2024-04-08,SKU_08,28,24.139994938301644
2024-04-09,SKU_08,24,26.50588445725793
2024-04-10,SKU_08,33,27.810332491796608
2024-04-11,SKU_08,26,25.72968919374846
2024-04-12,SKU_08,28,27.840974916312113
2024-04-13,SKU_08,39,35.983548347170974
2024-04-14,SKU_08,37,36.53426998070606
2024-04-15,SKU_08,24,26.0428239345654
2024-04-16,SKU_08,24,27.406026059665017
2024-04-17,SKU_08,30,28.637371668846274
2024-04-18,SKU_08,30,26.80411523115352
2024-04-19,SKU_08,29,28.722358659682598
2024-04-20,SKU_08,40,37.904188107088316
2024-04-21,SKU_08,39,39.331528504461325
2024-04-22,SKU_08,31,26.473464934405786
2024-04-23,SKU_08,29,27.04950850879398
2024-04-24,SKU_08,28,29.07456772207413
2024-04-25,SKU_08,22,27.347674960032382
2024-04-26,SKU_08,22,29.408364703458624
2024-04-27,SKU_08,37,36.11531876058007
2024-04-28,SKU_08,31,38.395437882386474
2024-04-29,SKU_08,22,26.600951377388316
2024-04-30,SKU_08,25,26.7801456111084
2024-05-01,SKU_08,31,29.1139872364226
2024-05-02,SKU_08,43,41.878626928526586
2024-05-03,SKU_08,44,42.13963814731794
2024-05-04,SKU_08,33,35.28932050427431
2024-05-05,SKU_08,59,51.75735143707022
2024-05-06,SKU_08,28,26.184476327875625
2024-05-07,SKU_08,22,24.44965017773774
2024-05-08,SKU_08,25,27.17706361698972
2024-05-09,SKU_08,22,23.79713839585094
2024-05-10,SKU_08,15,27.14211571345184
2024-05-11,SKU_08,46,49.14510545280204
2024-05-12,SKU_08,40,35.55099915711764
2024-05-13,SKU_08,26,24.296289316763858
2024-05-14,SKU_08,21,22.596608659094425
2024-05-15,SKU_08,18,24.948256073767094
2024-05-16,SKU_08,26,23.191369639565202
2024-05-17,SKU_08,13,25.485870050340292
2024-05-18,SKU_08,34,31.961353819991608
2024-05-19,SKU_08,37,32.999347025463
2024-05-20,SKU_08,39,37.137194014373954
2024-05-21,SKU_08,40,36.59669431905847
2024-05-22,SKU_08,20,22.719428633426034
2024-05-23,SKU_08,13,20.64721468238677
2024-05-24,SKU_08,32,38.31505295144035
2024-05-25,SKU_08,33,30.28354880600049
2024-05-26,SKU_08,39,33.368612370790174
2024-05-27,SKU_08,14,20.275329926081454
2024-05-28,SKU_08,30,20.833572685352856
2024-05-29,SKU_08,24,21.408013201642998
2024-05-30,SKU_08,23,19.395776646355035
2024-05-31,SKU_08,19,20.034899243895673
2024-06-01,SKU_08,29,28.878428641927098
2024-06-02,SKU_08,29,30.856786491361916
2024-06-03,SKU_08,32,20.73127388975462
2024-06-04,SKU_08,36,34.55627781280016
2024-06-05,SKU_08,25,22.789352331740982
2024-06-06,SKU_08,9,17.373582615892726
2024-06-07,SKU_08,13,20.810395346452037
2024-06-08,SKU_08,24,30.143075584374255
2024-06-09,SKU_08,22,29.53414519499099
2024-06-10,SKU_08,23,18.597579286184313
2024-06-11,SKU_08,24,18.97589980677568
2024-06-12,SKU_08,31,35.04502625735162
2024-06-13,SKU_08,14,18.915153953135274
2024-06-14,SKU_08,14,20.04952630619754
2024-06-15,SKU_08,32,28.395465568840947
2024-06-16,SKU_08,23,31.750883552185748
2024-06-17,SKU_08,23,19.856142235781135
2024-06-18,SKU_08,10,19.996442389816586
2024-06-19,SKU_08,27,22.439910294615192
2024-06-20,SKU_08,17,20.817035854038178
2024-06-21,SKU_08,12,21.8005424937568
2024-06-22,SKU_08,36,31.70766885396459
2024-06-23,SKU_08,32,32.058763294405644
2024-06-24,SKU_08,17,20.26008201299583
2024-06-25,SKU_08,17,19.950115458319132
2024-06-26,SKU_08,22,23.83763208387487
2024-06-27,SKU_08,34,22.263499225900105
2024-06-28,SKU_08,39,38.94362952719696
2024-06-29,SKU_08,30,31.97994199168475
2024-06-30,SKU_08,38,33.48508547130637
2024-01-01,SKU_09,26,21.107255342632097
2024-01-02,SKU_09,24,21.30890196988491
2024-01-03,SKU_09,30,23.501430949422613
2024-01-04,SKU_09,24,21.801165791863585
2024-01-05,SKU_09,18,23.037560178754905
2024-01-06,SKU_09,36,32.3238698245847
2024-01-07,SKU_09,34,34.91591130312102
2024-01-08,SKU_09,43,37.27830497535578
2024-01-09,SKU_09,47,37.65605142876444
2024-01-10,SKU_09,27,25.408120241593213
2024-01-11,SKU_09,22,24.584942001501638
2024-01-12,SKU_09,15,22.506376366853758
2024-01-13,SKU_09,43,47.95813659218861
2024-01-14,SKU_09,60,47.84820338476699
2024-01-15,SKU_09,30,24.919394351801053
2024-01-16,SKU_09,19,24.459797019894637
2024-01-17,SKU_09,14,24.121445186676453
2024-01-18,SKU_09,23,25.199888432099463
2024-01-19,SKU_09,19,23.3356527836907
2024-01-20,SKU_09,38,35.53039572912405
2024-01-21,SKU_09,41,35.5498653589159
2024-01-22,SKU_09,34,27.05985854329906
2024-01-23,SKU_09,25,25.049294301243272
2024-01-24,SKU_09,23,24.538898974131698
2024-01-25,SKU_09,18,23.94487594966847
2024-01-26,SKU_09,40,38.13734042696933
2024-01-27,SKU_09,39,36.776050249230174
2024-01-28,SKU_09,37,35.33240974731375
2024-01-29,SKU_09,20,25.032131205545014
2024-01-30,SKU_09,20,23.208966933267803
2024-01-31,SKU_09,28,25.373857567688628
2024-02-01,SKU_09,17,21.427175608143063
2024-02-02,SKU_09,21,25.874157954472484
2024-02-03,SKU_09,31,36.58093707528881
2024-02-04,SKU_09,40,33.73754369157487
2024-02-05,SKU_09,22,21.831761982986947
2024-02-06,SKU_09,35,35.11559774404109
2024-02-07,SKU_09,20,21.743202528225744
2024-02-08,SKU_09,26,20.74377948469571
2024-02-09,SKU_09,19,20.278588389405236
2024-02-10,SKU_09,21,32.03206743377718
2024-02-11,SKU_09,34,32.272997988777504
2024-02-12,SKU_09,16,19.91017752901424
2024-02-13,SKU_09,15,21.57507926521223
2024-02-14,SKU_09,25,21.055009638905492
2024-02-15,SKU_09,12,19.710582091824875
2024-02-16,SKU_09,17,18.645991315184393
2024-02-17,SKU_09,35,31.815352255779505
2024-02-18,SKU_09,49,42.30105808034335
2024-02-19,SKU_09,8,19.990353208236037
2024-02-20,SKU_09,16,17.455964194074337
2024-02-21,SKU_09,20,19.34959020269559
2024-02-22,SKU_09,31,31.87072266955279
2024-02-23,SKU_09,22,18.95786557025141
2024-02-24,SKU_09,29,28.662388350869996
2024-02-25,SKU_09,25,29.25601769984167
2024-02-26,SKU_09,15,15.62832018508998
2024-02-27,SKU_09,17,16.3534374200855
2024-02-28,SKU_09,22,19.70978729115222
2024-02-29,SKU_09,22,17.574857924964718
2024-03-01,SKU_09,32,28.71599692593704
2024-03-02,SKU_09,32,42.199762290574554
2024-03-03,SKU_09,27,29.038385006076588
2024-03-04,SKU_09,18,17.20489441292745
2024-03-05,SKU_09,22,15.140679325090687
2024-03-06,SKU_09,13,16.42960974488046
2024-03-07,SKU_09,19,13.977700489515998
2024-03-08,SKU_09,22,14.555748441806898
2024-03-09,SKU_09,35,26.292953494478816
2024-03-10,SKU_09,26,26.562584887626127
2024-03-11,SKU_09,14,18.014017587975268
2024-03-12,SKU_09,26,16.791910946434466
2024-03-13,SKU_09,15,16.700855456940815
2024-03-14,SKU_09,25,29.26113559961534
2024-03-15,SKU_09,21,16.34626638663272
2024-03-16,SKU_09,29,25.925410557379493
2024-03-17,SKU_09,23,25.440822387617448
2024-03-18,SKU_09,19,16.353041735078957
2024-03-19,SKU_09,9,17.673148154799577
2024-03-20,SKU_09,24,19.518306352749974
2024-03-21,SKU_09,17,16.276635711870522
2024-03-22,SKU_09,31,31.422470344590373
2024-03-23,SKU_09,26,27.465348364669765
2024-03-24,SKU_09,39,43.1225645518094
2024-03-25,SKU_09,22,16.04027634659556
2024-03-26,SKU_09,19,19.68876498297407
2024-03-27,SKU_09,20,19.860362313110574
2024-03-28,SKU_09,14,17.98184023841992
2024-03-29,SKU_09,20,18.821237225331924
2024-03-30,SKU_09,31,31.912801955852192
2024-03-31,SKU_09,40,33.21582101521227
2024-04-01,SKU_09,23,20.089782917128296
2024-04-02,SKU_09,17,20.32033956957428
2024-04-03,SKU_09,11,22.532458439470048
2024-04-04,SKU_09,21,19.887434932661623
2024-04-05,SKU_09,41,35.89863796505465
2024-04-06,SKU_09,33,32.98564044357339
2024-04-07,SKU_09,36,32.366176446939626
2024-04-08,SKU_09,26,23.09904427935225
2024-04-09,SKU_09,26,22.909375683343285
2024-04-10,SKU_09,40,38.55052322212647
2024-04-11,SKU_09,24,23.527967735816926
2024-04-12,SKU_09,26,23.989216779533933
2024-04-13,SKU_09,28,34.396207518584035
2024-04-14,SKU_09,29,36.2219246471996
2024-04-15,SKU_09,23,25.071666286505288
2024-04-16,SKU_09,28,26.210022808256817
2024-04-17,SKU_09,38,40.25848029595831
2024-04-18,SKU_09,27,24.56218979421768
2024-04-19,SKU_09,30,38.26308752822072
2024-04-20,SKU_09,38,35.05065578934466
2024-04-21,SKU_09,37,35.887525149768
2024-04-22,SKU_09,30,24.949375474537174
2024-04-23,SKU_09,27,24.221620228462832
2024-04-24,SKU_09,21,25.558873481649336
2024-04-25,SKU_09,22,24.852462045237605
2024-04-26,SKU_09,27,24.16891673633002
2024-04-27,SKU_09,44,37.837924979851685
2024-04-28,SKU_09,36,36.11535766664096
2024-04-29,SKU_09,17,25.13368192391232
2024-04-30,SKU_09,23,26.958731554036163
2024-05-01,SKU_09,23,26.456030517338462
2024-05-02,SKU_09,33,23.024416546456035
2024-05-03,SKU_09,25,25.019231805809483
2024-05-04,SKU_09,30,33.22516684195159
2024-05-05,SKU_09,52,47.28863048495228
2024-05-06,SKU_09,31,22.820782246688776
2024-05-07,SKU_09,23,22.989671703506556
2024-05-08,SKU_09,27,22.602111626043264
2024-05-09,SKU_09,24,21.1903026017115
2024-05-10,SKU_09,28,35.49589592455078
2024-05-11,SKU_09,36,33.89521288057475
2024-05-12,SKU_09,38,33.21479001700639
2024-05-13,SKU_09,28,35.65042442537923
2024-05-14,SKU_09,20,21.410725475072763
2024-05-15,SKU_09,15,22.54720229132905
2024-05-16,SKU_09,22,21.3255457840853
2024-05-17,SKU_09,23,19.709701077322602
2024-05-18,SKU_09,25,30.51457462721706
2024-05-19,SKU_09,29,29.05667224732144
2024-05-20,SKU_09,14,20.1158722086794
2024-05-21,SKU_09,6,19.581730355631592
2024-05-22,SKU_09,16,19.05675109110789
2024-05-23,SKU_09,21,19.77370665424653
2024-05-24,SKU_09,14,18.73710838707195
2024-05-25,SKU_09,28,28.044456685496748
2024-05-26,SKU_09,32,26.260608445936334
2024-05-27,SKU_09,12,17.867038110041165
2024-05-28,SKU_09,15,17.932714312481657
2024-05-29,SKU_09,21,17.428001162089167
2024-05-30,SKU_09,17,16.682764109291103
2024-05-31,SKU_09,34,30.515076794216924
2024-06-01,SKU_09,29,26.1721125807078
2024-06-02,SKU_09,47,41.18015749080517
2024-06-03,SKU_09,22,31.255628509275212
2024-06-04,SKU_09,11,14.7268399953794
2024-06-05,SKU_09,14,17.33429831590132
2024-06-06,SKU_09,8,15.650130067839024
2024-06-07,SKU_09,12,16.649320784342528
2024-06-08,SKU_09,22,26.13605270277939
2024-06-09,SKU_09,19,26.835824935547592
2024-06-10,SKU_09,14,16.463786524780662
2024-06-11,SKU_09,20,15.512349052698653
2024-06-12,SKU_09,27,16.739081030351038
2024-06-13,SKU_09,8,15.54216534366699
2024-06-14,SKU_09,21,17.380856936449057
2024-06-15,SKU_09,47,41.42768124488926
2024-06-16,SKU_09,41,42.03743960825031
2024-06-17,SKU_09,4,15.487700853644714
2024-06-18,SKU_09,16,18.73650375257675
2024-06-19,SKU_09,32,33.3598292881476
2024-06-20,SKU_09,15,16.216380586954976
2024-06-21,SKU_09,11,17.7285629686301
2024-06-22,SKU_09,50,42.38215918940756
2024-06-23,SKU_09,32,29.973552705523257
2024-06-24,SKU_09,26,19.27059458698078
2024-06-25,SKU_09,35,19.904539144820163
2024-06-26,SKU_09,26,19.58302465469184
2024-06-27,SKU_09,7,15.775451936445473
2024-06-28,SKU_09,14,19.440367187674738
2024-06-29,SKU_09,53,44.923757880585384
2024-06-30,SKU_09,33,31.200856910448238
2024-01-01,SKU_10,55,53.940796385270055
2024-01-02,SKU_10,53,51.94546990022255
2024-01-03,SKU_10,57,54.57263752156143
2024-01-04,SKU_10,58,52.134171600395646
2024-01-05,SKU_10,55,59.018398654525726
2024-01-06,SKU_10,64,64.81959274901764
2024-01-07,SKU_10,83,77.66321768260723
2024-01-08,SKU_10,54,55.10157056060494
2024-01-09,SKU_10,51,56.467979789602175
2024-01-10,SKU_10,57,55.3194093903371
2024-01-11,SKU_10,52,57.49079527140167
2024-01-12,SKU_10,59,58.19732134022543
2024-01-13,SKU_10,66,67.24356643089286
2024-01-14,SKU_10,72,66.29587628003004
2024-01-15,SKU_10,58,57.62669373203972
2024-01-16,SKU_10,53,56.972248323033085
2024-01-17,SKU_10,57,57.288857109976576
2024-01-18,SKU_10,70,70.52120706548801
2024-01-19,SKU_10,59,60.26045395114403
2024-01-20,SKU_10,66,67.67259380555383
2024-01-21,SKU_10,63,67.56251568870806
2024-01-22,SKU_10,63,58.49348892134212
2024-01-23,SKU_10,53,57.07104241774255
2024-01-24,SKU_10,57,57.91757797543826
2024-01-25,SKU_10,60,57.48472362414046
2024-01-26,SKU_10,55,60.30760731760738
2024-01-27,SKU_10,63,67.15890416648642
2024-01-28,SKU_10,58,65.38943479794847
2024-01-29,SKU_10,51,57.1334997307229
2024-01-30,SKU_10,53,55.022105415275924
2024-01-31,SKU_10,58,58.52284177654053
2024-02-01,SKU_10,49,57.37682229538942
2024-02-02,SKU_10,55,60.04205123323622
2024-02-03,SKU_10,70,65.0009066941556
2024-02-04,SKU_10,68,66.65105001908263
2024-02-05,SKU_10,54,56.96481834626563
2024-02-06,SKU_10,55,55.23712156223177
2024-02-07,SKU_10,55,55.50955964704757
2024-02-08,SKU_10,55,54.49301125764118
2024-02-09,SKU_10,59,57.00972476728895
2024-02-10,SKU_10,68,63.61015006276735
2024-02-11,SKU_10,68,64.24842267229931
2024-02-12,SKU_10,53,54.96432140768059
2024-02-13,SKU_10,53,52.91918314543224
2024-02-14,SKU_10,52,52.33664501683686
2024-02-15,SKU_10,51,53.20598789265364
2024-02-16,SKU_10,57,56.54173176551516
2024-02-17,SKU_10,65,61.14293596413782
2024-02-18,SKU_10,68,77.77205513328275
2024-02-19,SKU_10,54,51.49620487218301
2024-02-20,SKU_10,73,65.62774616122071
2024-02-21,SKU_10,54,52.95211141494442
2024-02-22,SKU_10,50,48.77520095932713
2024-02-23,SKU_10,49,51.99046427389578
2024-02-24,SKU_10,81,72.99286486440187
2024-02-25,SKU_10,52,59.24393715357812
2024-02-26,SKU_10,46,49.66310804847532
2024-02-27,SKU_10,46,49.52564881448056
2024-02-28,SKU_10,49,47.94966199158776
2024-02-29,SKU_10,48,48.94193126426393
2024-03-01,SKU_10,43,49.70862592916693
2024-03-02,SKU_10,69,73.9876106381175
2024-03-03,SKU_10,69,71.33757059703275
2024-03-04,SKU_10,39,48.687273627005034
2024-03-05,SKU_10,37,49.129701734972926
2024-03-06,SKU_10,58,63.53937763440745
2024-03-07,SKU_10,45,48.28444736869747
2024-03-08,SKU_10,49,50.17558232696493
2024-03-09,SKU_10,61,57.55588604321566
2024-03-10,SKU_10,56,58.87671599158001
2024-03-11,SKU_10,50,47.74418981922602
2024-03-12,SKU_10,45,46.31458716111328
2024-03-13,SKU_10,58,63.10078036008832
2024-03-14,SKU_10,53,48.54789815168453
2024-03-15,SKU_10,40,49.59029857553816
2024-03-16,SKU_10,60,56.20991157358196
2024-03-17,SKU_10,64,58.86187723875927
2024-03-18,SKU_10,60,49.7899528229222
2024-03-19,SKU_10,46,49.049909436257494
2024-03-20,SKU_10,48,51.1171485275944
2024-03-21,SKU_10,45,49.99702109365635
2024-03-22,SKU_10,45,51.22281409847916
2024-03-23,SKU_10,45,59.74918622136356
2024-03-24,SKU_10,52,59.370872371713105
2024-03-25,SKU_10,52,51.283554910758255
2024-03-26,SKU_10,58,50.384639277044066
2024-03-27,SKU_10,52,51.038940514345455
2024-03-28,SKU_10,49,51.94484612785105
2024-03-29,SKU_10,55,55.68317764668517
2024-03-30,SKU_10,64,63.958827010176215
2024-03-31,SKU_10,56,61.69964608286509
2024-04-01,SKU_10,49,53.88209028990298
2024-04-02,SKU_10,48,53.725437925453114
2024-04-03,SKU_10,57,54.001374262666225
2024-04-04,SKU_10,49,55.19973292701257
2024-04-05,SKU_10,46,56.12255641237621
2024-04-06,SKU_10,70,65.36179607709158
2024-04-07,SKU_10,61,65.40800100257813
2024-04-08,SKU_10,67,69.49328525199088
2024-04-09,SKU_10,56,54.53876886330418
2024-04-10,SKU_10,53,56.76289702876743
2024-04-11,SKU_10,55,55.25024117970652
2024-04-12,SKU_10,58,58.98750400114221
2024-04-13,SKU_10,72,67.26422748989233
2024-04-14,SKU_10,71,66.76709695541699
2024-04-15,SKU_10,49,57.056950980450566
2024-04-16,SKU_10,64,56.78758024401721
2024-04-17,SKU_10,56,59.578495505958884
2024-04-18,SKU_10,60,59.07588142121895
2024-04-19,SKU_10,63,59.48080968388393
2024-04-20,SKU_10,66,66.35876426150715
2024-04-21,SKU_10,75,68.27989217370683
2024-04-22,SKU_10,55,60.296302551281606
2024-04-23,SKU_10,61,56.78111513714531
2024-04-24,SKU_10,57,60.85427424209765
2024-04-25,SKU_10,55,56.977589879336044
2024-04-26,SKU_10,54,59.47541870227195
2024-04-27,SKU_10,66,67.686640963664
2024-04-28,SKU_10,69,66.23948303905006
2024-04-29,SKU_10,51,58.67462775058156
2024-04-30,SKU_10,60,56.87244463357634
2024-05-01,SKU_10,55,57.9464001082041
2024-05-02,SKU_10,60,56.8485122471987
2024-05-03,SKU_10,53,59.41945026196989
2024-05-04,SKU_10,66,65.46085607511971
2024-05-05,SKU_10,68,65.62952473183529
2024-05-06,SKU_10,59,55.312530670322985
2024-05-07,SKU_10,49,55.4260917837705
2024-05-08,SKU_10,53,56.91238026360563
2024-05-09,SKU_10,53,55.46095628016588
2024-05-10,SKU_10,52,57.6530721570764
2024-05-11,SKU_10,63,63.48305594722345
2024-05-12,SKU_10,56,62.54434547408805
2024-05-13,SKU_10,51,54.71019118325006
2024-05-14,SKU_10,49,52.14441969958449
2024-05-15,SKU_10,69,68.60220856967241
2024-05-16,SKU_10,54,52.875085146436874
2024-05-17,SKU_10,48,54.65471922412365
2024-05-18,SKU_10,67,62.99449810170933
2024-05-19,SKU_10,60,61.13272641090501
2024-05-20,SKU_10,55,51.92599827201364
2024-05-21,SKU_10,45,50.41520493631238
2024-05-22,SKU_10,50,50.00463387239906
2024-05-23,SKU_10,53,50.40437279541097
2024-05-24,SKU_10,50,52.039143919202374
2024-05-25,SKU_10,57,61.281430026396485
2024-05-26,SKU_10,50,59.565882147106365
2024-05-27,SKU_10,59,50.87781491240905
2024-05-28,SKU_10,63,65.20568937815293
2024-05-29,SKU_10,44,49.709830854578726
2024-05-30,SKU_10,51,48.8149859427598
2024-05-31,SKU_10,48,50.533085138947186
2024-06-01,SKU_10,49,56.94371109685484
2024-06-02,SKU_10,67,57.925471453698215
2024-06-03,SKU_10,64,63.75819077100386
2024-06-04,SKU_10,43,48.26552275962368
2024-06-05,SKU_10,48,48.61609965167967
2024-06-06,SKU_10,56,62.56892511343004
2024-06-07,SKU_10,52,49.835237237375786
2024-06-08,SKU_10,58,57.67844598970663
2024-06-09,SKU_10,81,72.88701391253133
2024-06-10,SKU_10,49,50.69307185584776
2024-06-11,SKU_10,44,47.25085026735025
2024-06-12,SKU_10,53,50.46369509972366
2024-06-13,SKU_10,45,47.04625787087895
2024-06-14,SKU_10,43,49.7023474812464
2024-06-15,SKU_10,61,59.221705632859226
2024-06-16,SKU_10,62,59.277501695707194
2024-06-17,SKU_10,48,49.21868956401776
2024-06-18,SKU_10,40,49.99271723736993
2024-06-19,SKU_10,50,48.878726402858774
2024-06-20,SKU_10,58,50.58446924912827
2024-06-21,SKU_10,44,52.00355441601673
2024-06-22,SKU_10,61,61.10616140663839
2024-06-23,SKU_10,69,74.96881863799761
2024-06-24,SKU_10,54,50.76377815823014
2024-06-25,SKU_10,45,52.37953300550215
2024-06-26,SKU_10,60,66.16515086084772
2024-06-27,SKU_10,50,50.715705513773436
2024-06-28,SKU_10,51,54.77131886111091
2024-06-29,SKU_10,66,63.74140831747344
2024-06-30,SKU_10,59,62.671552023424546
